year,month,week,hour,day,SHIFT,OFFENSE,METHOD,DISTRICT
2011,1,1,6,0,MIDNIGHT,SEX ABUSE,OTHERS,6
2011,1,1,17,0,EVENING,SEX ABUSE,OTHERS,5
2011,1,1,19,0,EVENING,SEX ABUSE,GUN,6
2011,1,2,0,1,MIDNIGHT,HOMICIDE,GUN,7
2011,1,2,0,1,MIDNIGHT,HOMICIDE,GUN,4
2011,1,2,6,1,MIDNIGHT,SEX ABUSE,KNIFE,1
2011,1,2,0,5,MIDNIGHT,HOMICIDE,GUN,6
2011,1,2,11,6,DAY,SEX ABUSE,OTHERS,1
2011,1,2,0,7,MIDNIGHT,HOMICIDE,GUN,6
2011,1,3,0,9,MIDNIGHT,HOMICIDE,OTHERS,6
2011,1,3,1,14,MIDNIGHT,SEX ABUSE,OTHERS,2
2011,1,4,20,17,EVENING,SEX ABUSE,OTHERS,7
2011,1,4,0,19,MIDNIGHT,HOMICIDE,GUN,5
2011,1,4,2,19,MIDNIGHT,SEX ABUSE,OTHERS,6
2011,1,4,13,19,DAY,SEX ABUSE,OTHERS,5
2011,1,4,0,20,MIDNIGHT,HOMICIDE,OTHERS,7
2011,1,4,11,20,DAY,SEX ABUSE,OTHERS,2
2011,1,5,0,22,MIDNIGHT,HOMICIDE,GUN,4
2011,1,5,0,22,MIDNIGHT,HOMICIDE,GUN,4
2011,1,5,20,27,EVENING,SEX ABUSE,OTHERS,7
2011,1,5,15,28,EVENING,SEX ABUSE,OTHERS,6
2011,1,6,19,30,EVENING,SEX ABUSE,OTHERS,1
2011,1,6,21,30,EVENING,SEX ABUSE,KNIFE,6
2011,2,6,0,35,MIDNIGHT,HOMICIDE,GUN,4
2011,2,6,3,35,MIDNIGHT,SEX ABUSE,OTHERS,3
2011,2,7,3,36,MIDNIGHT,SEX ABUSE,OTHERS,5
2011,2,7,0,41,MIDNIGHT,HOMICIDE,KNIFE,3
2011,2,7,6,42,MIDNIGHT,SEX ABUSE,OTHERS,7
2011,2,8,19,46,EVENING,SEX ABUSE,OTHERS,2
2011,2,8,0,47,MIDNIGHT,SEX ABUSE,OTHERS,1
2011,2,8,0,47,MIDNIGHT,HOMICIDE,GUN,5
2011,2,8,0,49,MIDNIGHT,HOMICIDE,GUN,3
2011,2,9,0,51,MIDNIGHT,HOMICIDE,GUN,5
2011,2,9,12,52,DAY,SEX ABUSE,OTHERS,5
2011,2,9,16,53,EVENING,SEX ABUSE,OTHERS,5
2011,2,9,0,55,MIDNIGHT,HOMICIDE,GUN,7
2011,2,9,21,55,EVENING,SEX ABUSE,OTHERS,4
2011,2,9,0,56,MIDNIGHT,SEX ABUSE,OTHERS,5
2011,2,9,8,56,DAY,SEX ABUSE,OTHERS,3
2011,3,10,0,59,MIDNIGHT,SEX ABUSE,OTHERS,1
2011,3,10,0,60,MIDNIGHT,SEX ABUSE,OTHERS,4
2011,3,10,13,62,DAY,SEX ABUSE,OTHERS,4
2011,3,10,0,63,MIDNIGHT,HOMICIDE,GUN,7
2011,3,10,0,63,MIDNIGHT,HOMICIDE,GUN,6
2011,3,10,0,63,MIDNIGHT,HOMICIDE,KNIFE,6
2011,3,11,6,70,MIDNIGHT,SEX ABUSE,OTHERS,3
2011,3,12,7,72,MIDNIGHT,SEX ABUSE,OTHERS,7
2011,3,12,15,73,DAY,SEX ABUSE,OTHERS,6
2011,3,12,0,74,MIDNIGHT,HOMICIDE,GUN,7
2011,3,13,0,78,MIDNIGHT,HOMICIDE,GUN,7
2011,3,13,0,78,MIDNIGHT,SEX ABUSE,GUN,5
2011,3,13,4,84,MIDNIGHT,SEX ABUSE,OTHERS,7
2011,3,14,0,85,MIDNIGHT,HOMICIDE,GUN,3
2011,3,14,8,85,DAY,SEX ABUSE,OTHERS,3
2011,3,14,0,87,MIDNIGHT,HOMICIDE,GUN,5
2011,4,14,0,91,MIDNIGHT,HOMICIDE,OTHERS,4
2011,4,15,1,92,MIDNIGHT,SEX ABUSE,KNIFE,5
2011,4,15,0,96,MIDNIGHT,HOMICIDE,GUN,7
2011,4,15,0,96,MIDNIGHT,HOMICIDE,GUN,7
2011,4,15,0,96,MIDNIGHT,HOMICIDE,GUN,4
2011,4,15,0,97,MIDNIGHT,HOMICIDE,GUN,7
2011,4,15,0,97,MIDNIGHT,HOMICIDE,GUN,7
2011,4,15,0,98,MIDNIGHT,SEX ABUSE,OTHERS,7
2011,4,16,0,99,MIDNIGHT,HOMICIDE,GUN,4
2011,4,16,19,102,EVENING,SEX ABUSE,OTHERS,4
2011,4,17,0,107,MIDNIGHT,HOMICIDE,KNIFE,6
2011,4,17,0,108,MIDNIGHT,HOMICIDE,GUN,3
2011,4,17,13,109,DAY,SEX ABUSE,OTHERS,6
2011,4,17,0,112,MIDNIGHT,SEX ABUSE,OTHERS,4
2011,4,18,0,113,MIDNIGHT,HOMICIDE,OTHERS,3
2011,4,18,16,113,EVENING,SEX ABUSE,OTHERS,2
2011,4,18,8,114,DAY,SEX ABUSE,OTHERS,1
2011,4,18,11,114,DAY,SEX ABUSE,OTHERS,5
2011,4,18,0,115,MIDNIGHT,HOMICIDE,OTHERS,6
2011,4,18,5,115,MIDNIGHT,SEX ABUSE,OTHERS,7
2011,4,18,5,115,MIDNIGHT,SEX ABUSE,OTHERS,7
2011,4,18,7,115,DAY,SEX ABUSE,OTHERS,7
2011,5,19,17,120,EVENING,SEX ABUSE,OTHERS,5
2011,5,19,14,121,DAY,SEX ABUSE,OTHERS,1
2011,5,19,20,121,EVENING,SEX ABUSE,OTHERS,2
2011,5,19,0,122,MIDNIGHT,HOMICIDE,KNIFE,7
2011,5,19,16,122,EVENING,SEX ABUSE,OTHERS,3
2011,5,19,9,126,DAY,SEX ABUSE,OTHERS,1
2011,5,20,0,127,MIDNIGHT,HOMICIDE,GUN,5
2011,5,20,15,127,EVENING,SEX ABUSE,OTHERS,2
2011,5,20,5,130,MIDNIGHT,SEX ABUSE,OTHERS,1
2011,5,20,0,131,MIDNIGHT,HOMICIDE,GUN,6
2011,5,20,12,131,DAY,SEX ABUSE,OTHERS,1
2011,5,20,14,132,DAY,SEX ABUSE,OTHERS,1
2011,5,20,0,133,MIDNIGHT,HOMICIDE,GUN,5
2011,5,20,0,133,MIDNIGHT,HOMICIDE,GUN,6
2011,5,21,4,135,MIDNIGHT,SEX ABUSE,OTHERS,1
2011,5,21,0,136,MIDNIGHT,HOMICIDE,KNIFE,5
2011,5,21,21,137,EVENING,SEX ABUSE,OTHERS,7
2011,5,21,0,139,MIDNIGHT,HOMICIDE,KNIFE,7
2011,5,21,0,140,MIDNIGHT,HOMICIDE,GUN,2
2011,5,22,5,141,MIDNIGHT,SEX ABUSE,OTHERS,2
2011,5,22,8,141,DAY,SEX ABUSE,OTHERS,3
2011,5,22,8,143,DAY,SEX ABUSE,OTHERS,7
2011,5,22,0,144,MIDNIGHT,HOMICIDE,GUN,6
2011,5,22,3,144,MIDNIGHT,SEX ABUSE,OTHERS,5
2011,5,22,0,145,MIDNIGHT,HOMICIDE,GUN,6
2011,5,22,6,146,MIDNIGHT,SEX ABUSE,GUN,6
2011,5,23,0,148,MIDNIGHT,HOMICIDE,KNIFE,4
2011,5,23,0,149,MIDNIGHT,HOMICIDE,GUN,5
2011,5,23,0,150,MIDNIGHT,HOMICIDE,GUN,5
2011,5,23,12,150,DAY,SEX ABUSE,OTHERS,4
2011,6,23,0,152,MIDNIGHT,HOMICIDE,KNIFE,5
2011,6,23,0,153,MIDNIGHT,HOMICIDE,GUN,5
2011,6,23,15,154,EVENING,SEX ABUSE,KNIFE,1
2011,6,24,4,157,MIDNIGHT,SEX ABUSE,OTHERS,7
2011,6,24,6,159,MIDNIGHT,SEX ABUSE,OTHERS,7
2011,6,25,4,162,MIDNIGHT,SEX ABUSE,OTHERS,3
2011,6,25,14,164,DAY,SEX ABUSE,KNIFE,4
2011,6,25,14,164,DAY,SEX ABUSE,KNIFE,4
2011,6,25,0,165,MIDNIGHT,HOMICIDE,GUN,4
2011,6,25,21,165,EVENING,SEX ABUSE,GUN,6
2011,6,25,1,166,MIDNIGHT,SEX ABUSE,OTHERS,6
2011,6,25,0,168,MIDNIGHT,HOMICIDE,GUN,4
2011,6,25,12,168,DAY,SEX ABUSE,OTHERS,7
2011,6,26,0,169,MIDNIGHT,HOMICIDE,KNIFE,7
2011,6,26,0,170,MIDNIGHT,HOMICIDE,OTHERS,5
2011,6,26,21,170,EVENING,SEX ABUSE,OTHERS,2
2011,6,26,14,172,DAY,SEX ABUSE,OTHERS,4
2011,6,26,22,172,EVENING,SEX ABUSE,OTHERS,4
2011,6,26,0,175,MIDNIGHT,HOMICIDE,GUN,3
2011,6,26,0,175,MIDNIGHT,HOMICIDE,GUN,6
2011,6,27,13,176,DAY,SEX ABUSE,OTHERS,6
2011,6,27,20,177,EVENING,SEX ABUSE,OTHERS,6
2011,6,27,0,178,MIDNIGHT,HOMICIDE,GUN,7
2011,6,27,2,178,MIDNIGHT,SEX ABUSE,OTHERS,7
2011,6,27,17,178,EVENING,SEX ABUSE,OTHERS,4
2011,6,27,21,179,EVENING,SEX ABUSE,OTHERS,7
2011,6,27,19,180,EVENING,SEX ABUSE,OTHERS,3
2011,7,27,0,182,MIDNIGHT,HOMICIDE,GUN,6
2011,7,28,4,183,MIDNIGHT,SEX ABUSE,OTHERS,1
2011,7,28,6,184,MIDNIGHT,SEX ABUSE,OTHERS,1
2011,7,28,0,185,MIDNIGHT,HOMICIDE,GUN,5
2011,7,28,9,185,DAY,SEX ABUSE,OTHERS,3
2011,7,28,10,185,DAY,SEX ABUSE,OTHERS,4
2011,7,28,0,187,MIDNIGHT,HOMICIDE,GUN,7
2011,7,28,23,188,EVENING,SEX ABUSE,OTHERS,4
2011,7,28,0,189,MIDNIGHT,HOMICIDE,GUN,4
2011,7,28,0,189,MIDNIGHT,HOMICIDE,GUN,4
2011,7,29,17,193,EVENING,SEX ABUSE,OTHERS,1
2011,7,29,22,193,EVENING,SEX ABUSE,OTHERS,3
2011,7,29,7,195,DAY,SEX ABUSE,KNIFE,3
2011,7,30,12,197,DAY,SEX ABUSE,OTHERS,7
2011,7,30,0,199,MIDNIGHT,HOMICIDE,GUN,4
2011,7,30,0,199,MIDNIGHT,SEX ABUSE,OTHERS,6
2011,7,30,0,200,MIDNIGHT,HOMICIDE,GUN,6
2011,7,31,5,204,MIDNIGHT,SEX ABUSE,OTHERS,4
2011,7,31,16,206,EVENING,SEX ABUSE,OTHERS,3
2011,7,31,16,206,EVENING,SEX ABUSE,OTHERS,3
2011,7,31,16,206,EVENING,SEX ABUSE,OTHERS,3
2011,7,31,5,207,MIDNIGHT,SEX ABUSE,KNIFE,6
2011,7,31,3,208,MIDNIGHT,SEX ABUSE,GUN,5
2011,7,32,13,211,DAY,SEX ABUSE,OTHERS,4
2011,8,32,0,214,MIDNIGHT,HOMICIDE,KNIFE,4
2011,8,32,13,214,DAY,SEX ABUSE,OTHERS,7
2011,8,32,0,216,MIDNIGHT,HOMICIDE,GUN,6
2011,8,32,0,217,MIDNIGHT,HOMICIDE,GUN,5
2011,8,33,0,219,MIDNIGHT,HOMICIDE,KNIFE,1
2011,8,33,0,220,MIDNIGHT,HOMICIDE,KNIFE,6
2011,8,33,0,220,MIDNIGHT,SEX ABUSE,OTHERS,4
2011,8,33,0,223,MIDNIGHT,HOMICIDE,OTHERS,2
2011,8,33,10,223,DAY,SEX ABUSE,OTHERS,5
2011,8,33,0,224,MIDNIGHT,HOMICIDE,KNIFE,7
2011,8,33,9,224,DAY,SEX ABUSE,OTHERS,3
2011,8,33,10,224,DAY,SEX ABUSE,OTHERS,1
2011,8,33,20,224,EVENING,SEX ABUSE,OTHERS,5
2011,8,34,2,225,MIDNIGHT,SEX ABUSE,KNIFE,1
2011,8,34,4,225,MIDNIGHT,SEX ABUSE,OTHERS,4
2011,8,34,22,225,EVENING,SEX ABUSE,OTHERS,4
2011,8,34,2,226,MIDNIGHT,SEX ABUSE,OTHERS,7
2011,8,34,0,228,MIDNIGHT,HOMICIDE,GUN,3
2011,8,34,8,229,DAY,SEX ABUSE,OTHERS,4
2011,8,34,16,229,EVENING,SEX ABUSE,OTHERS,3
2011,8,34,19,229,EVENING,SEX ABUSE,OTHERS,3
2011,8,34,6,231,MIDNIGHT,SEX ABUSE,KNIFE,1
2011,8,34,17,231,EVENING,SEX ABUSE,OTHERS,2
2011,8,35,0,232,MIDNIGHT,HOMICIDE,GUN,6
2011,8,35,8,232,DAY,SEX ABUSE,OTHERS,3
2011,8,35,0,238,MIDNIGHT,HOMICIDE,GUN,1
2011,8,35,2,238,MIDNIGHT,SEX ABUSE,OTHERS,2
2011,8,36,0,239,MIDNIGHT,HOMICIDE,KNIFE,5
2011,8,36,0,239,MIDNIGHT,HOMICIDE,GUN,5
2011,8,36,10,239,DAY,SEX ABUSE,OTHERS,2
2011,8,36,0,241,MIDNIGHT,HOMICIDE,GUN,1
2011,8,36,22,241,EVENING,SEX ABUSE,OTHERS,7
2011,8,36,0,242,MIDNIGHT,HOMICIDE,GUN,6
2011,9,36,3,245,MIDNIGHT,SEX ABUSE,GUN,3
2011,9,37,10,247,DAY,SEX ABUSE,OTHERS,5
2011,9,37,7,248,DAY,SEX ABUSE,GUN,6
2011,9,37,7,248,DAY,SEX ABUSE,GUN,6
2011,9,37,17,251,EVENING,SEX ABUSE,OTHERS,3
2011,9,37,0,252,MIDNIGHT,HOMICIDE,OTHERS,3
2011,9,38,0,255,MIDNIGHT,HOMICIDE,KNIFE,5
2011,9,38,1,256,MIDNIGHT,SEX ABUSE,OTHERS,3
2011,9,38,3,257,MIDNIGHT,SEX ABUSE,OTHERS,4
2011,9,38,17,258,EVENING,SEX ABUSE,OTHERS,2
2011,9,38,0,259,MIDNIGHT,HOMICIDE,GUN,6
2011,9,39,7,261,MIDNIGHT,SEX ABUSE,KNIFE,5
2011,9,39,0,262,MIDNIGHT,HOMICIDE,GUN,7
2011,9,39,12,262,DAY,SEX ABUSE,OTHERS,3
2011,9,39,0,266,MIDNIGHT,HOMICIDE,GUN,5
2011,9,39,7,266,DAY,SEX ABUSE,OTHERS,6
2011,9,40,15,269,DAY,SEX ABUSE,OTHERS,7
2011,9,40,14,270,DAY,SEX ABUSE,OTHERS,7
2011,9,40,10,271,DAY,SEX ABUSE,OTHERS,5
2011,9,40,5,272,MIDNIGHT,SEX ABUSE,KNIFE,6
2011,10,40,0,273,MIDNIGHT,HOMICIDE,GUN,6
2011,10,41,5,274,MIDNIGHT,SEX ABUSE,OTHERS,4
2011,10,41,14,276,DAY,SEX ABUSE,OTHERS,1
2011,10,41,0,278,MIDNIGHT,HOMICIDE,OTHERS,4
2011,10,41,17,278,EVENING,SEX ABUSE,OTHERS,1
2011,10,41,0,280,MIDNIGHT,HOMICIDE,KNIFE,4
2011,10,41,14,280,DAY,SEX ABUSE,OTHERS,6
2011,10,42,7,281,MIDNIGHT,SEX ABUSE,OTHERS,4
2011,10,42,0,283,MIDNIGHT,HOMICIDE,KNIFE,5
2011,10,42,21,283,EVENING,SEX ABUSE,OTHERS,3
2011,10,42,10,284,DAY,SEX ABUSE,OTHERS,1
2011,10,42,15,287,DAY,SEX ABUSE,OTHERS,7
2011,10,43,0,288,MIDNIGHT,HOMICIDE,GUN,7
2011,10,43,0,288,MIDNIGHT,HOMICIDE,KNIFE,1
2011,10,43,2,288,MIDNIGHT,SEX ABUSE,OTHERS,7
2011,10,43,0,289,MIDNIGHT,HOMICIDE,GUN,7
2011,10,43,0,289,MIDNIGHT,HOMICIDE,GUN,7
2011,10,43,2,289,MIDNIGHT,SEX ABUSE,OTHERS,2
2011,10,43,0,290,MIDNIGHT,HOMICIDE,GUN,5
2011,10,43,0,292,MIDNIGHT,HOMICIDE,GUN,7
2011,10,43,0,293,MIDNIGHT,SEX ABUSE,GUN,7
2011,10,43,0,294,MIDNIGHT,HOMICIDE,GUN,6
2011,10,44,0,295,MIDNIGHT,HOMICIDE,GUN,3
2011,10,44,22,295,EVENING,SEX ABUSE,OTHERS,1
2011,10,44,2,296,MIDNIGHT,SEX ABUSE,OTHERS,1
2011,10,44,0,297,MIDNIGHT,SEX ABUSE,OTHERS,7
2011,10,44,0,298,MIDNIGHT,HOMICIDE,GUN,6
2011,10,44,2,299,MIDNIGHT,SEX ABUSE,GUN,7
2011,11,45,0,304,MIDNIGHT,HOMICIDE,GUN,2
2011,11,45,14,304,DAY,SEX ABUSE,OTHERS,4
2011,11,46,22,309,EVENING,SEX ABUSE,OTHERS,6
2011,11,46,0,311,MIDNIGHT,HOMICIDE,KNIFE,7
2011,11,46,14,311,DAY,SEX ABUSE,OTHERS,6
2011,11,46,0,312,MIDNIGHT,HOMICIDE,GUN,6
2011,11,46,19,312,EVENING,SEX ABUSE,OTHERS,1
2011,11,47,0,317,MIDNIGHT,HOMICIDE,GUN,5
2011,11,47,0,317,MIDNIGHT,HOMICIDE,GUN,5
2011,11,47,18,318,EVENING,SEX ABUSE,OTHERS,3
2011,11,47,19,318,EVENING,SEX ABUSE,OTHERS,4
2011,11,47,9,320,DAY,SEX ABUSE,OTHERS,1
2011,11,47,0,321,MIDNIGHT,SEX ABUSE,OTHERS,5
2011,11,48,1,325,MIDNIGHT,SEX ABUSE,OTHERS,4
2011,11,48,0,329,MIDNIGHT,HOMICIDE,GUN,5
2011,11,48,0,329,MIDNIGHT,HOMICIDE,GUN,5
2011,11,48,17,329,EVENING,SEX ABUSE,OTHERS,7
2011,11,49,0,330,MIDNIGHT,HOMICIDE,GUN,2
2011,11,49,22,332,EVENING,SEX ABUSE,OTHERS,2
2011,11,49,10,333,DAY,SEX ABUSE,OTHERS,2
2011,11,49,10,333,DAY,SEX ABUSE,OTHERS,2
2011,12,49,9,334,DAY,SEX ABUSE,OTHERS,6
2011,12,49,0,336,MIDNIGHT,HOMICIDE,GUN,5
2011,12,50,0,337,MIDNIGHT,HOMICIDE,KNIFE,5
2011,12,50,17,337,EVENING,SEX ABUSE,OTHERS,3
2011,12,50,7,339,MIDNIGHT,SEX ABUSE,KNIFE,5
2011,12,50,2,341,MIDNIGHT,SEX ABUSE,OTHERS,7
2011,12,50,9,341,DAY,SEX ABUSE,OTHERS,6
2011,12,50,0,343,MIDNIGHT,HOMICIDE,GUN,7
2011,12,50,0,343,MIDNIGHT,HOMICIDE,GUN,6
2011,12,50,2,343,MIDNIGHT,SEX ABUSE,OTHERS,2
2011,12,50,8,343,DAY,SEX ABUSE,OTHERS,4
2011,12,51,0,344,MIDNIGHT,SEX ABUSE,KNIFE,7
2011,12,51,14,344,DAY,SEX ABUSE,OTHERS,4
2011,12,51,6,349,MIDNIGHT,SEX ABUSE,KNIFE,5
2011,12,51,0,350,MIDNIGHT,HOMICIDE,KNIFE,6
2011,12,51,22,350,EVENING,SEX ABUSE,KNIFE,6
2011,12,52,0,352,MIDNIGHT,HOMICIDE,GUN,4
2011,12,52,16,353,EVENING,SEX ABUSE,OTHERS,5
2011,12,52,2,355,MIDNIGHT,SEX ABUSE,OTHERS,7
2011,12,53,23,358,MIDNIGHT,SEX ABUSE,OTHERS,7
2011,12,53,17,360,EVENING,SEX ABUSE,KNIFE,4
2011,12,53,21,363,EVENING,SEX ABUSE,GUN,7
2012,1,1,0,0,MIDNIGHT,HOMICIDE,OTHERS,6
2012,1,1,0,2,MIDNIGHT,HOMICIDE,GUN,6
2012,1,1,0,4,MIDNIGHT,HOMICIDE,OTHERS,6
2012,1,2,0,7,MIDNIGHT,HOMICIDE,GUN,6
2012,1,2,23,8,MIDNIGHT,SEX ABUSE,KNIFE,6
2012,1,2,19,10,EVENING,SEX ABUSE,OTHERS,1
2012,1,3,4,14,MIDNIGHT,SEX ABUSE,OTHERS,2
2012,1,3,3,15,MIDNIGHT,SEX ABUSE,OTHERS,4
2012,1,3,10,16,DAY,SEX ABUSE,GUN,5
2012,1,3,21,16,EVENING,SEX ABUSE,GUN,1
2012,1,3,0,17,MIDNIGHT,HOMICIDE,OTHERS,3
2012,1,3,18,19,EVENING,SEX ABUSE,OTHERS,2
2012,1,3,14,20,DAY,SEX ABUSE,OTHERS,6
2012,1,4,14,21,DAY,SEX ABUSE,GUN,4
2012,1,4,23,21,EVENING,SEX ABUSE,OTHERS,7
2012,1,4,16,22,EVENING,SEX ABUSE,OTHERS,6
2012,1,4,3,23,MIDNIGHT,SEX ABUSE,OTHERS,7
2012,1,4,23,23,MIDNIGHT,SEX ABUSE,GUN,3
2012,1,5,0,28,MIDNIGHT,HOMICIDE,OTHERS,4
2012,1,5,0,28,MIDNIGHT,HOMICIDE,OTHERS,4
2012,1,5,10,28,DAY,SEX ABUSE,OTHERS,5
2012,2,5,0,32,MIDNIGHT,HOMICIDE,KNIFE,6
2012,2,5,12,34,DAY,SEX ABUSE,OTHERS,6
2012,2,5,22,34,EVENING,SEX ABUSE,OTHERS,6
2012,2,6,14,38,DAY,SEX ABUSE,OTHERS,3
2012,2,6,17,40,EVENING,SEX ABUSE,KNIFE,6
2012,2,7,2,42,MIDNIGHT,SEX ABUSE,OTHERS,5
2012,2,7,0,44,MIDNIGHT,HOMICIDE,GUN,6
2012,2,7,22,44,EVENING,SEX ABUSE,OTHERS,5
2012,2,7,0,45,MIDNIGHT,HOMICIDE,GUN,5
2012,2,7,0,47,MIDNIGHT,HOMICIDE,KNIFE,5
2012,2,7,0,48,MIDNIGHT,SEX ABUSE,GUN,5
2012,2,7,5,48,MIDNIGHT,SEX ABUSE,KNIFE,5
2012,2,7,5,48,MIDNIGHT,SEX ABUSE,OTHERS,3
2012,2,7,5,48,MIDNIGHT,SEX ABUSE,OTHERS,3
2012,2,8,0,53,MIDNIGHT,HOMICIDE,GUN,4
2012,2,8,15,53,EVENING,SEX ABUSE,OTHERS,4
2012,2,8,19,54,EVENING,SEX ABUSE,OTHERS,4
2012,2,9,2,56,MIDNIGHT,SEX ABUSE,OTHERS,7
2012,2,9,3,56,MIDNIGHT,SEX ABUSE,GUN,6
2012,2,9,4,56,MIDNIGHT,SEX ABUSE,OTHERS,5
2012,2,9,19,56,EVENING,SEX ABUSE,KNIFE,4
2012,2,9,18,58,EVENING,SEX ABUSE,OTHERS,4
2012,2,9,0,59,MIDNIGHT,SEX ABUSE,OTHERS,5
2012,3,9,0,60,MIDNIGHT,HOMICIDE,GUN,6
2012,3,10,0,63,MIDNIGHT,HOMICIDE,KNIFE,6
2012,3,10,0,64,MIDNIGHT,HOMICIDE,OTHERS,7
2012,3,10,1,69,MIDNIGHT,SEX ABUSE,OTHERS,3
2012,3,10,10,69,DAY,SEX ABUSE,OTHERS,6
2012,3,11,0,71,MIDNIGHT,SEX ABUSE,OTHERS,5
2012,3,11,20,71,EVENING,SEX ABUSE,KNIFE,3
2012,3,11,0,72,MIDNIGHT,SEX ABUSE,OTHERS,5
2012,3,11,0,75,MIDNIGHT,HOMICIDE,GUN,6
2012,3,11,7,76,DAY,SEX ABUSE,OTHERS,3
2012,3,12,0,77,MIDNIGHT,HOMICIDE,KNIFE,5
2012,3,12,14,77,DAY,SEX ABUSE,OTHERS,2
2012,3,12,23,77,MIDNIGHT,SEX ABUSE,OTHERS,1
2012,3,12,11,79,DAY,SEX ABUSE,OTHERS,7
2012,3,12,23,79,MIDNIGHT,SEX ABUSE,OTHERS,5
2012,3,12,22,80,EVENING,SEX ABUSE,OTHERS,4
2012,3,12,0,82,MIDNIGHT,HOMICIDE,KNIFE,7
2012,3,12,4,83,MIDNIGHT,SEX ABUSE,OTHERS,1
2012,3,13,5,84,MIDNIGHT,SEX ABUSE,OTHERS,6
2012,3,13,18,87,EVENING,SEX ABUSE,OTHERS,5
2012,4,14,4,91,MIDNIGHT,SEX ABUSE,OTHERS,1
2012,4,14,16,91,EVENING,SEX ABUSE,GUN,4
2012,4,14,22,93,EVENING,SEX ABUSE,OTHERS,6
2012,4,14,10,94,DAY,SEX ABUSE,OTHERS,5
2012,4,14,0,95,MIDNIGHT,HOMICIDE,OTHERS,5
2012,4,14,11,96,DAY,SEX ABUSE,OTHERS,3
2012,4,15,0,101,MIDNIGHT,HOMICIDE,GUN,5
2012,4,15,23,101,MIDNIGHT,SEX ABUSE,OTHERS,7
2012,4,15,0,104,MIDNIGHT,HOMICIDE,GUN,7
2012,4,16,0,107,MIDNIGHT,HOMICIDE,GUN,7
2012,4,16,2,107,MIDNIGHT,SEX ABUSE,OTHERS,5
2012,4,16,21,109,EVENING,SEX ABUSE,OTHERS,4
2012,4,16,4,110,MIDNIGHT,SEX ABUSE,OTHERS,1
2012,4,16,14,110,DAY,SEX ABUSE,OTHERS,7
2012,4,16,0,111,MIDNIGHT,HOMICIDE,KNIFE,1
2012,4,16,17,111,EVENING,SEX ABUSE,OTHERS,3
2012,4,17,23,113,EVENING,SEX ABUSE,OTHERS,6
2012,4,17,0,114,MIDNIGHT,HOMICIDE,OTHERS,4
2012,4,17,8,114,DAY,SEX ABUSE,OTHERS,6
2012,4,17,15,114,EVENING,SEX ABUSE,OTHERS,1
2012,4,17,15,114,EVENING,SEX ABUSE,OTHERS,1
2012,4,17,0,115,MIDNIGHT,SEX ABUSE,OTHERS,1
2012,4,17,11,117,DAY,SEX ABUSE,OTHERS,7
2012,4,17,12,117,DAY,SEX ABUSE,OTHERS,5
2012,4,17,0,118,MIDNIGHT,HOMICIDE,GUN,6
2012,4,18,0,119,MIDNIGHT,HOMICIDE,GUN,5
2012,4,18,0,120,MIDNIGHT,HOMICIDE,GUN,7
2012,4,18,7,120,DAY,SEX ABUSE,OTHERS,3
2012,5,18,0,121,MIDNIGHT,HOMICIDE,KNIFE,3
2012,5,18,0,121,MIDNIGHT,HOMICIDE,KNIFE,6
2012,5,18,1,123,MIDNIGHT,SEX ABUSE,OTHERS,5
2012,5,18,12,124,DAY,SEX ABUSE,OTHERS,3
2012,5,18,13,124,DAY,SEX ABUSE,OTHERS,1
2012,5,19,6,127,MIDNIGHT,SEX ABUSE,OTHERS,6
2012,5,19,15,128,DAY,SEX ABUSE,OTHERS,7
2012,5,19,2,130,MIDNIGHT,SEX ABUSE,KNIFE,5
2012,5,19,0,132,MIDNIGHT,HOMICIDE,GUN,7
2012,5,20,0,134,MIDNIGHT,HOMICIDE,GUN,6
2012,5,20,0,138,MIDNIGHT,HOMICIDE,KNIFE,1
2012,5,20,6,138,MIDNIGHT,SEX ABUSE,OTHERS,4
2012,5,20,12,138,DAY,SEX ABUSE,OTHERS,5
2012,5,20,23,138,MIDNIGHT,SEX ABUSE,GUN,5
2012,5,21,19,140,EVENING,SEX ABUSE,OTHERS,6
2012,5,21,0,141,MIDNIGHT,HOMICIDE,GUN,6
2012,5,21,0,142,MIDNIGHT,HOMICIDE,GUN,7
2012,5,21,16,144,EVENING,SEX ABUSE,KNIFE,7
2012,5,21,13,145,DAY,SEX ABUSE,OTHERS,2
2012,5,21,6,146,MIDNIGHT,SEX ABUSE,OTHERS,1
2012,5,21,10,146,DAY,SEX ABUSE,OTHERS,6
2012,5,22,7,147,DAY,SEX ABUSE,OTHERS,4
2012,5,22,4,148,MIDNIGHT,SEX ABUSE,OTHERS,3
2012,5,22,0,151,MIDNIGHT,HOMICIDE,GUN,6
2012,5,22,14,151,DAY,SEX ABUSE,OTHERS,1
2012,6,22,0,153,MIDNIGHT,HOMICIDE,GUN,7
2012,6,22,3,153,MIDNIGHT,SEX ABUSE,OTHERS,5
2012,6,22,3,153,MIDNIGHT,SEX ABUSE,OTHERS,5
2012,6,23,0,154,MIDNIGHT,HOMICIDE,GUN,7
2012,6,23,3,154,MIDNIGHT,SEX ABUSE,OTHERS,3
2012,6,23,0,155,MIDNIGHT,HOMICIDE,KNIFE,7
2012,6,23,20,155,EVENING,SEX ABUSE,OTHERS,6
2012,6,23,6,156,MIDNIGHT,SEX ABUSE,OTHERS,6
2012,6,23,10,157,DAY,SEX ABUSE,OTHERS,3
2012,6,23,10,157,DAY,SEX ABUSE,OTHERS,3
2012,6,23,0,159,MIDNIGHT,SEX ABUSE,OTHERS,2
2012,6,23,20,159,EVENING,SEX ABUSE,OTHERS,4
2012,6,23,22,159,EVENING,SEX ABUSE,OTHERS,6
2012,6,24,0,162,MIDNIGHT,HOMICIDE,GUN,7
2012,6,24,10,163,DAY,SEX ABUSE,OTHERS,6
2012,6,24,14,164,DAY,SEX ABUSE,OTHERS,6
2012,6,24,0,165,MIDNIGHT,HOMICIDE,GUN,1
2012,6,24,7,165,DAY,SEX ABUSE,KNIFE,6
2012,6,24,17,165,EVENING,SEX ABUSE,OTHERS,5
2012,6,24,1,166,MIDNIGHT,SEX ABUSE,OTHERS,4
2012,6,24,1,166,MIDNIGHT,SEX ABUSE,OTHERS,4
2012,6,25,0,168,MIDNIGHT,SEX ABUSE,OTHERS,5
2012,6,25,3,168,MIDNIGHT,SEX ABUSE,OTHERS,2
2012,6,25,4,168,MIDNIGHT,SEX ABUSE,OTHERS,7
2012,6,25,21,168,EVENING,SEX ABUSE,OTHERS,3
2012,6,25,0,171,MIDNIGHT,HOMICIDE,GUN,6
2012,6,25,0,174,MIDNIGHT,HOMICIDE,GUN,4
2012,6,26,1,175,MIDNIGHT,SEX ABUSE,OTHERS,1
2012,6,26,5,175,MIDNIGHT,SEX ABUSE,OTHERS,5
2012,6,26,8,175,DAY,SEX ABUSE,OTHERS,3
2012,6,26,21,175,EVENING,SEX ABUSE,OTHERS,4
2012,6,26,0,176,MIDNIGHT,HOMICIDE,OTHERS,7
2012,6,26,0,176,MIDNIGHT,HOMICIDE,KNIFE,6
2012,6,26,8,176,DAY,SEX ABUSE,KNIFE,7
2012,6,26,9,176,DAY,SEX ABUSE,KNIFE,6
2012,6,26,16,176,EVENING,SEX ABUSE,OTHERS,3
2012,6,26,9,179,DAY,SEX ABUSE,KNIFE,7
2012,6,26,0,180,MIDNIGHT,SEX ABUSE,KNIFE,3
2012,6,26,23,181,MIDNIGHT,SEX ABUSE,OTHERS,2
2012,7,27,6,182,MIDNIGHT,SEX ABUSE,OTHERS,1
2012,7,27,20,183,EVENING,SEX ABUSE,OTHERS,3
2012,7,27,0,185,MIDNIGHT,HOMICIDE,GUN,4
2012,7,27,23,185,MIDNIGHT,SEX ABUSE,GUN,5
2012,7,27,0,186,MIDNIGHT,HOMICIDE,GUN,3
2012,7,27,21,186,EVENING,SEX ABUSE,OTHERS,7
2012,7,27,12,187,DAY,SEX ABUSE,OTHERS,6
2012,7,27,12,187,DAY,SEX ABUSE,OTHERS,7
2012,7,27,15,187,DAY,SEX ABUSE,OTHERS,7
2012,7,27,22,187,EVENING,SEX ABUSE,OTHERS,2
2012,7,27,0,188,MIDNIGHT,HOMICIDE,GUN,3
2012,7,27,0,188,MIDNIGHT,HOMICIDE,KNIFE,6
2012,7,27,7,188,DAY,SEX ABUSE,OTHERS,5
2012,7,28,0,189,MIDNIGHT,HOMICIDE,GUN,7
2012,7,28,8,193,DAY,SEX ABUSE,GUN,7
2012,7,28,15,193,DAY,SEX ABUSE,OTHERS,4
2012,7,28,18,193,EVENING,SEX ABUSE,OTHERS,7
2012,7,28,17,194,EVENING,SEX ABUSE,OTHERS,2
2012,7,29,1,196,MIDNIGHT,SEX ABUSE,OTHERS,3
2012,7,29,16,199,EVENING,SEX ABUSE,OTHERS,5
2012,7,29,20,199,EVENING,SEX ABUSE,OTHERS,1
2012,7,29,0,200,MIDNIGHT,HOMICIDE,KNIFE,1
2012,7,29,13,200,DAY,SEX ABUSE,OTHERS,6
2012,7,29,17,200,EVENING,SEX ABUSE,OTHERS,7
2012,7,29,18,200,EVENING,SEX ABUSE,OTHERS,6
2012,7,29,0,202,MIDNIGHT,SEX ABUSE,OTHERS,3
2012,7,29,7,202,DAY,SEX ABUSE,OTHERS,4
2012,7,30,13,205,DAY,SEX ABUSE,OTHERS,1
2012,7,30,0,208,MIDNIGHT,HOMICIDE,GUN,6
2012,7,30,0,208,MIDNIGHT,HOMICIDE,OTHERS,5
2012,7,30,0,208,MIDNIGHT,HOMICIDE,OTHERS,6
2012,7,31,1,210,MIDNIGHT,SEX ABUSE,KNIFE,3
2012,7,31,10,210,DAY,SEX ABUSE,GUN,4
2012,7,31,16,212,EVENING,SEX ABUSE,OTHERS,5
2012,8,31,7,215,MIDNIGHT,SEX ABUSE,OTHERS,1
2012,8,31,0,216,MIDNIGHT,HOMICIDE,GUN,7
2012,8,31,0,216,MIDNIGHT,HOMICIDE,GUN,7
2012,8,31,21,216,EVENING,SEX ABUSE,OTHERS,2
2012,8,32,0,217,MIDNIGHT,HOMICIDE,GUN,4
2012,8,32,7,217,MIDNIGHT,SEX ABUSE,OTHERS,2
2012,8,32,7,217,DAY,SEX ABUSE,OTHERS,4
2012,8,32,7,219,MIDNIGHT,SEX ABUSE,OTHERS,5
2012,8,32,13,219,DAY,SEX ABUSE,OTHERS,3
2012,8,32,15,219,DAY,SEX ABUSE,OTHERS,7
2012,8,32,0,220,MIDNIGHT,SEX ABUSE,OTHERS,7
2012,8,32,2,220,MIDNIGHT,SEX ABUSE,OTHERS,5
2012,8,32,2,220,MIDNIGHT,SEX ABUSE,OTHERS,1
2012,8,32,7,220,MIDNIGHT,SEX ABUSE,OTHERS,7
2012,8,32,16,220,EVENING,SEX ABUSE,OTHERS,1
2012,8,32,22,220,EVENING,SEX ABUSE,OTHERS,1
2012,8,32,10,221,DAY,SEX ABUSE,OTHERS,7
2012,8,32,12,222,DAY,SEX ABUSE,OTHERS,6
2012,8,32,20,222,EVENING,SEX ABUSE,OTHERS,5
2012,8,32,0,223,MIDNIGHT,SEX ABUSE,OTHERS,4
2012,8,32,5,223,MIDNIGHT,SEX ABUSE,OTHERS,4
2012,8,32,9,223,DAY,SEX ABUSE,OTHERS,4
2012,8,32,14,223,DAY,SEX ABUSE,OTHERS,6
2012,8,32,15,223,DAY,SEX ABUSE,OTHERS,2
2012,8,32,23,223,EVENING,SEX ABUSE,OTHERS,3
2012,8,33,21,224,EVENING,SEX ABUSE,OTHERS,2
2012,8,33,1,226,MIDNIGHT,SEX ABUSE,OTHERS,6
2012,8,33,2,226,MIDNIGHT,SEX ABUSE,GUN,6
2012,8,33,15,226,DAY,SEX ABUSE,OTHERS,7
2012,8,33,7,227,DAY,SEX ABUSE,OTHERS,1
2012,8,33,15,229,DAY,SEX ABUSE,OTHERS,1
2012,8,33,15,229,EVENING,SEX ABUSE,OTHERS,3
2012,8,33,4,230,MIDNIGHT,SEX ABUSE,KNIFE,6
2012,8,33,16,230,EVENING,SEX ABUSE,KNIFE,3
2012,8,33,20,230,EVENING,SEX ABUSE,OTHERS,5
2012,8,34,16,232,EVENING,SEX ABUSE,OTHERS,4
2012,8,34,4,233,MIDNIGHT,SEX ABUSE,GUN,6
2012,8,34,13,233,DAY,SEX ABUSE,OTHERS,7
2012,8,34,0,234,MIDNIGHT,HOMICIDE,KNIFE,7
2012,8,34,0,235,MIDNIGHT,HOMICIDE,GUN,5
2012,8,34,0,235,MIDNIGHT,SEX ABUSE,OTHERS,6
2012,8,34,5,235,MIDNIGHT,SEX ABUSE,OTHERS,5
2012,8,34,0,236,MIDNIGHT,SEX ABUSE,OTHERS,2
2012,8,34,9,237,DAY,SEX ABUSE,OTHERS,4
2012,8,34,9,237,DAY,SEX ABUSE,OTHERS,4
2012,8,34,18,237,EVENING,SEX ABUSE,OTHERS,7
2012,8,35,3,239,MIDNIGHT,SEX ABUSE,OTHERS,6
2012,8,35,14,240,DAY,SEX ABUSE,KNIFE,4
2012,9,35,14,244,DAY,SEX ABUSE,OTHERS,3
2012,9,36,0,245,MIDNIGHT,HOMICIDE,KNIFE,1
2012,9,36,0,245,MIDNIGHT,SEX ABUSE,OTHERS,4
2012,9,36,3,245,MIDNIGHT,SEX ABUSE,OTHERS,2
2012,9,36,1,247,MIDNIGHT,SEX ABUSE,OTHERS,6
2012,9,36,12,247,DAY,SEX ABUSE,OTHERS,7
2012,9,36,1,248,MIDNIGHT,SEX ABUSE,GUN,5
2012,9,36,2,248,MIDNIGHT,SEX ABUSE,OTHERS,2
2012,9,36,10,248,DAY,SEX ABUSE,OTHERS,5
2012,9,36,14,249,DAY,SEX ABUSE,OTHERS,7
2012,9,36,23,249,MIDNIGHT,SEX ABUSE,GUN,6
2012,9,36,23,250,MIDNIGHT,SEX ABUSE,OTHERS,6
2012,9,37,15,252,DAY,SEX ABUSE,OTHERS,7
2012,9,37,11,254,DAY,SEX ABUSE,OTHERS,1
2012,9,37,18,254,EVENING,SEX ABUSE,OTHERS,6
2012,9,37,6,255,MIDNIGHT,SEX ABUSE,OTHERS,6
2012,9,37,0,256,MIDNIGHT,HOMICIDE,KNIFE,5
2012,9,37,0,256,MIDNIGHT,HOMICIDE,GUN,4
2012,9,37,18,257,EVENING,SEX ABUSE,OTHERS,4
2012,9,37,0,258,MIDNIGHT,SEX ABUSE,OTHERS,6
2012,9,37,2,258,MIDNIGHT,SEX ABUSE,OTHERS,3
2012,9,37,9,258,DAY,SEX ABUSE,OTHERS,6
2012,9,37,18,258,EVENING,SEX ABUSE,GUN,4
2012,9,38,14,259,DAY,SEX ABUSE,OTHERS,6
2012,9,38,17,260,EVENING,SEX ABUSE,OTHERS,2
2012,9,38,0,261,MIDNIGHT,HOMICIDE,GUN,7
2012,9,38,0,261,MIDNIGHT,HOMICIDE,GUN,7
2012,9,38,8,261,DAY,SEX ABUSE,GUN,7
2012,9,38,14,261,DAY,SEX ABUSE,OTHERS,2
2012,9,38,15,262,DAY,SEX ABUSE,OTHERS,2
2012,9,38,17,262,EVENING,SEX ABUSE,OTHERS,6
2012,9,38,0,264,MIDNIGHT,HOMICIDE,GUN,7
2012,9,38,0,264,MIDNIGHT,HOMICIDE,GUN,6
2012,9,38,10,265,DAY,SEX ABUSE,OTHERS,6
2012,9,39,6,266,MIDNIGHT,SEX ABUSE,GUN,6
2012,9,39,0,267,MIDNIGHT,SEX ABUSE,GUN,1
2012,9,39,16,267,EVENING,SEX ABUSE,OTHERS,6
2012,9,39,0,268,MIDNIGHT,HOMICIDE,OTHERS,1
2012,9,39,0,269,MIDNIGHT,HOMICIDE,GUN,6
2012,9,39,0,270,MIDNIGHT,HOMICIDE,KNIFE,6
2012,9,39,19,270,EVENING,SEX ABUSE,OTHERS,7
2012,9,40,0,273,MIDNIGHT,HOMICIDE,GUN,4
2012,9,40,3,273,MIDNIGHT,SEX ABUSE,OTHERS,3
2012,10,40,14,274,DAY,SEX ABUSE,KNIFE,3
2012,10,40,0,275,MIDNIGHT,HOMICIDE,KNIFE,7
2012,10,40,11,275,DAY,SEX ABUSE,OTHERS,6
2012,10,40,21,276,EVENING,SEX ABUSE,OTHERS,5
2012,10,40,19,277,EVENING,SEX ABUSE,KNIFE,7
2012,10,40,17,278,EVENING,SEX ABUSE,OTHERS,1
2012,10,40,0,279,MIDNIGHT,SEX ABUSE,OTHERS,2
2012,10,41,17,281,EVENING,SEX ABUSE,OTHERS,6
2012,10,41,0,283,MIDNIGHT,HOMICIDE,GUN,1
2012,10,41,8,284,DAY,SEX ABUSE,OTHERS,4
2012,10,42,14,289,DAY,SEX ABUSE,OTHERS,4
2012,10,42,7,290,DAY,SEX ABUSE,GUN,6
2012,10,42,17,292,EVENING,SEX ABUSE,OTHERS,4
2012,10,42,0,293,MIDNIGHT,SEX ABUSE,OTHERS,3
2012,10,42,8,293,DAY,SEX ABUSE,OTHERS,5
2012,10,42,20,293,EVENING,SEX ABUSE,OTHERS,1
2012,10,43,3,294,MIDNIGHT,SEX ABUSE,OTHERS,2
2012,10,43,4,294,MIDNIGHT,SEX ABUSE,OTHERS,3
2012,10,43,15,294,EVENING,SEX ABUSE,OTHERS,1
2012,10,43,0,295,MIDNIGHT,HOMICIDE,GUN,6
2012,10,43,21,295,EVENING,SEX ABUSE,OTHERS,6
2012,10,43,10,296,DAY,SEX ABUSE,KNIFE,4
2012,10,43,0,298,MIDNIGHT,HOMICIDE,GUN,6
2012,10,43,0,299,MIDNIGHT,HOMICIDE,OTHERS,4
2012,10,43,13,299,DAY,SEX ABUSE,KNIFE,5
2012,10,43,0,300,MIDNIGHT,HOMICIDE,GUN,7
2012,10,43,6,300,MIDNIGHT,SEX ABUSE,OTHERS,2
2012,10,44,3,303,MIDNIGHT,SEX ABUSE,OTHERS,7
2012,10,44,0,304,MIDNIGHT,HOMICIDE,GUN,5
2012,10,44,16,304,EVENING,SEX ABUSE,OTHERS,7
2012,11,44,11,306,DAY,SEX ABUSE,OTHERS,5
2012,11,44,13,306,DAY,SEX ABUSE,KNIFE,3
2012,11,45,0,308,MIDNIGHT,HOMICIDE,GUN,6
2012,11,45,2,308,MIDNIGHT,SEX ABUSE,OTHERS,2
2012,11,45,12,308,DAY,SEX ABUSE,OTHERS,7
2012,11,45,16,308,EVENING,SEX ABUSE,OTHERS,5
2012,11,45,12,309,DAY,SEX ABUSE,OTHERS,3
2012,11,45,8,311,DAY,SEX ABUSE,OTHERS,5
2012,11,45,0,313,MIDNIGHT,HOMICIDE,GUN,5
2012,11,45,0,314,MIDNIGHT,SEX ABUSE,OTHERS,6
2012,11,45,0,314,MIDNIGHT,SEX ABUSE,OTHERS,6
2012,11,45,14,314,DAY,SEX ABUSE,OTHERS,6
2012,11,46,2,315,MIDNIGHT,SEX ABUSE,OTHERS,2
2012,11,46,21,315,EVENING,SEX ABUSE,OTHERS,7
2012,11,46,11,316,DAY,SEX ABUSE,OTHERS,4
2012,11,46,14,316,DAY,SEX ABUSE,OTHERS,6
2012,11,46,23,316,MIDNIGHT,SEX ABUSE,OTHERS,5
2012,11,46,16,318,EVENING,SEX ABUSE,OTHERS,7
2012,11,46,7,319,DAY,SEX ABUSE,OTHERS,5
2012,11,46,16,319,EVENING,SEX ABUSE,OTHERS,4
2012,11,46,0,321,MIDNIGHT,HOMICIDE,KNIFE,2
2012,11,46,16,321,EVENING,SEX ABUSE,KNIFE,7
2012,11,46,19,321,EVENING,SEX ABUSE,OTHERS,6
2012,11,48,3,330,MIDNIGHT,SEX ABUSE,OTHERS,1
2012,11,48,18,330,EVENING,SEX ABUSE,OTHERS,6
2012,12,49,21,338,EVENING,SEX ABUSE,OTHERS,2
2012,12,49,0,340,MIDNIGHT,HOMICIDE,GUN,5
2012,12,49,15,341,DAY,SEX ABUSE,OTHERS,7
2012,12,49,4,342,MIDNIGHT,SEX ABUSE,OTHERS,7
2012,12,49,6,342,MIDNIGHT,SEX ABUSE,OTHERS,3
2012,12,49,14,342,DAY,SEX ABUSE,OTHERS,2
2012,12,49,23,342,MIDNIGHT,SEX ABUSE,OTHERS,2
2012,12,50,0,343,MIDNIGHT,HOMICIDE,GUN,7
2012,12,50,12,344,DAY,SEX ABUSE,OTHERS,6
2012,12,51,0,350,MIDNIGHT,HOMICIDE,GUN,6
2012,12,51,4,350,MIDNIGHT,SEX ABUSE,OTHERS,4
2012,12,51,0,351,MIDNIGHT,HOMICIDE,GUN,5
2012,12,51,0,354,MIDNIGHT,HOMICIDE,GUN,4
2012,12,51,0,356,MIDNIGHT,HOMICIDE,GUN,5
2012,12,52,0,357,MIDNIGHT,HOMICIDE,GUN,5
2012,12,52,0,358,MIDNIGHT,HOMICIDE,GUN,1
2012,12,52,13,361,DAY,SEX ABUSE,OTHERS,4
2012,12,52,16,361,EVENING,SEX ABUSE,OTHERS,6
2012,12,52,0,363,MIDNIGHT,HOMICIDE,GUN,6
2012,12,52,22,363,EVENING,SEX ABUSE,GUN,6
2012,12,53,0,364,MIDNIGHT,HOMICIDE,GUN,6
2013,1,1,3,0,MIDNIGHT,SEX ABUSE,OTHERS,2
2013,1,1,9,1,DAY,SEX ABUSE,OTHERS,4
2013,1,1,21,2,EVENING,SEX ABUSE,OTHERS,4
2013,1,2,0,9,MIDNIGHT,HOMICIDE,KNIFE,6
2013,1,2,11,10,DAY,SEX ABUSE,OTHERS,4
2013,1,3,0,13,MIDNIGHT,HOMICIDE,GUN,6
2013,1,3,22,13,EVENING,SEX ABUSE,OTHERS,4
2013,1,3,23,15,MIDNIGHT,SEX ABUSE,OTHERS,5
2013,1,3,0,18,MIDNIGHT,HOMICIDE,GUN,3
2013,1,3,6,18,MIDNIGHT,SEX ABUSE,OTHERS,2
2013,1,3,20,18,EVENING,SEX ABUSE,OTHERS,6
2013,1,4,11,20,DAY,SEX ABUSE,OTHERS,6
2013,1,4,13,22,DAY,SEX ABUSE,KNIFE,6
2013,1,4,17,23,EVENING,SEX ABUSE,OTHERS,7
2013,1,4,0,24,MIDNIGHT,HOMICIDE,GUN,4
2013,1,4,18,24,EVENING,SEX ABUSE,OTHERS,6
2013,1,5,11,28,DAY,SEX ABUSE,OTHERS,4
2013,1,5,13,28,DAY,SEX ABUSE,OTHERS,5
2013,1,5,20,29,EVENING,SEX ABUSE,OTHERS,6
2013,1,5,0,30,MIDNIGHT,SEX ABUSE,OTHERS,5
2013,1,5,0,30,MIDNIGHT,HOMICIDE,GUN,6
2013,2,5,0,31,MIDNIGHT,HOMICIDE,OTHERS,5
2013,2,5,18,31,EVENING,SEX ABUSE,OTHERS,2
2013,2,5,18,31,EVENING,SEX ABUSE,GUN,7
2013,2,5,23,32,MIDNIGHT,SEX ABUSE,GUN,3
2013,2,6,0,33,MIDNIGHT,HOMICIDE,KNIFE,3
2013,2,6,19,34,EVENING,SEX ABUSE,OTHERS,3
2013,2,6,9,36,DAY,SEX ABUSE,OTHERS,3
2013,2,6,1,37,MIDNIGHT,SEX ABUSE,OTHERS,5
2013,2,6,23,37,MIDNIGHT,SEX ABUSE,OTHERS,2
2013,2,6,1,38,MIDNIGHT,SEX ABUSE,OTHERS,2
2013,2,6,22,39,EVENING,SEX ABUSE,OTHERS,2
2013,2,7,0,40,MIDNIGHT,HOMICIDE,GUN,7
2013,2,7,7,42,MIDNIGHT,SEX ABUSE,GUN,6
2013,2,7,19,42,EVENING,SEX ABUSE,GUN,4
2013,2,7,11,44,DAY,SEX ABUSE,OTHERS,4
2013,2,7,22,44,EVENING,SEX ABUSE,KNIFE,4
2013,2,7,10,45,DAY,SEX ABUSE,OTHERS,7
2013,2,8,20,50,EVENING,SEX ABUSE,OTHERS,7
2013,2,8,0,52,MIDNIGHT,HOMICIDE,OTHERS,6
2013,2,8,0,53,MIDNIGHT,HOMICIDE,GUN,7
2013,2,8,0,53,MIDNIGHT,HOMICIDE,GUN,3
2013,2,9,0,55,MIDNIGHT,HOMICIDE,GUN,1
2013,2,9,0,57,MIDNIGHT,SEX ABUSE,OTHERS,2
2013,2,9,0,57,MIDNIGHT,SEX ABUSE,OTHERS,5
2013,2,9,22,57,EVENING,SEX ABUSE,OTHERS,5
2013,2,9,9,58,DAY,SEX ABUSE,OTHERS,7
2013,2,9,10,58,DAY,SEX ABUSE,OTHERS,7
2013,3,9,14,59,DAY,SEX ABUSE,OTHERS,4
2013,3,9,4,60,MIDNIGHT,SEX ABUSE,OTHERS,7
2013,3,10,15,62,DAY,SEX ABUSE,GUN,7
2013,3,10,20,62,EVENING,SEX ABUSE,KNIFE,1
2013,3,10,19,64,EVENING,SEX ABUSE,OTHERS,5
2013,3,10,10,65,DAY,SEX ABUSE,OTHERS,4
2013,3,10,20,65,EVENING,SEX ABUSE,OTHERS,7
2013,3,10,0,66,MIDNIGHT,HOMICIDE,GUN,7
2013,3,11,7,68,DAY,SEX ABUSE,OTHERS,7
2013,3,11,0,69,MIDNIGHT,SEX ABUSE,OTHERS,6
2013,3,11,2,71,MIDNIGHT,SEX ABUSE,OTHERS,6
2013,3,11,0,73,MIDNIGHT,HOMICIDE,GUN,6
2013,3,11,1,74,MIDNIGHT,SEX ABUSE,OTHERS,5
2013,3,12,16,77,EVENING,SEX ABUSE,OTHERS,7
2013,3,12,22,78,EVENING,SEX ABUSE,OTHERS,2
2013,3,12,0,79,MIDNIGHT,HOMICIDE,GUN,2
2013,3,12,16,81,EVENING,SEX ABUSE,OTHERS,1
2013,3,13,18,83,EVENING,SEX ABUSE,OTHERS,6
2013,3,13,19,84,EVENING,SEX ABUSE,OTHERS,3
2013,3,13,0,86,MIDNIGHT,HOMICIDE,GUN,5
2013,3,13,0,86,MIDNIGHT,HOMICIDE,GUN,1
2013,3,13,1,87,MIDNIGHT,SEX ABUSE,OTHERS,5
2013,3,14,19,89,EVENING,SEX ABUSE,OTHERS,3
2013,4,14,4,90,MIDNIGHT,SEX ABUSE,OTHERS,3
2013,4,14,0,93,MIDNIGHT,SEX ABUSE,OTHERS,1
2013,4,15,0,96,MIDNIGHT,HOMICIDE,GUN,7
2013,4,15,0,97,MIDNIGHT,SEX ABUSE,OTHERS,3
2013,4,15,0,97,MIDNIGHT,SEX ABUSE,OTHERS,3
2013,4,15,4,97,MIDNIGHT,SEX ABUSE,GUN,2
2013,4,15,22,97,EVENING,SEX ABUSE,OTHERS,2
2013,4,15,0,98,MIDNIGHT,SEX ABUSE,OTHERS,7
2013,4,15,0,98,MIDNIGHT,SEX ABUSE,OTHERS,7
2013,4,15,15,99,EVENING,SEX ABUSE,OTHERS,3
2013,4,15,4,100,MIDNIGHT,SEX ABUSE,OTHERS,4
2013,4,15,0,101,MIDNIGHT,HOMICIDE,GUN,6
2013,4,15,17,101,EVENING,SEX ABUSE,OTHERS,7
2013,4,15,4,102,MIDNIGHT,SEX ABUSE,OTHERS,3
2013,4,15,4,102,MIDNIGHT,SEX ABUSE,OTHERS,5
2013,4,16,4,103,MIDNIGHT,SEX ABUSE,OTHERS,5
2013,4,16,0,105,MIDNIGHT,HOMICIDE,KNIFE,1
2013,4,16,15,106,EVENING,SEX ABUSE,OTHERS,6
2013,4,16,19,106,EVENING,SEX ABUSE,OTHERS,2
2013,4,16,20,106,EVENING,SEX ABUSE,OTHERS,4
2013,4,17,2,112,MIDNIGHT,SEX ABUSE,OTHERS,5
2013,4,17,0,113,MIDNIGHT,HOMICIDE,GUN,7
2013,4,17,14,116,DAY,SEX ABUSE,OTHERS,4
2013,4,18,20,118,EVENING,SEX ABUSE,OTHERS,7
2013,5,18,17,120,EVENING,SEX ABUSE,OTHERS,2
2013,5,18,14,121,DAY,SEX ABUSE,OTHERS,2
2013,5,18,0,123,MIDNIGHT,SEX ABUSE,OTHERS,7
2013,5,18,20,123,EVENING,SEX ABUSE,OTHERS,7
2013,5,19,0,124,MIDNIGHT,HOMICIDE,GUN,7
2013,5,19,0,124,MIDNIGHT,SEX ABUSE,OTHERS,2
2013,5,19,0,125,MIDNIGHT,HOMICIDE,GUN,5
2013,5,19,6,126,MIDNIGHT,SEX ABUSE,OTHERS,7
2013,5,19,23,130,MIDNIGHT,SEX ABUSE,OTHERS,7
2013,5,20,1,131,MIDNIGHT,SEX ABUSE,GUN,5
2013,5,20,2,133,MIDNIGHT,SEX ABUSE,OTHERS,1
2013,5,20,5,133,MIDNIGHT,SEX ABUSE,OTHERS,7
2013,5,20,2,135,MIDNIGHT,SEX ABUSE,OTHERS,4
2013,5,20,16,135,EVENING,SEX ABUSE,OTHERS,6
2013,5,20,0,136,MIDNIGHT,HOMICIDE,GUN,7
2013,5,20,0,137,MIDNIGHT,HOMICIDE,GUN,5
2013,5,21,3,138,MIDNIGHT,SEX ABUSE,OTHERS,3
2013,5,21,17,139,EVENING,SEX ABUSE,OTHERS,3
2013,5,21,0,140,MIDNIGHT,SEX ABUSE,KNIFE,1
2013,5,21,8,140,DAY,SEX ABUSE,OTHERS,5
2013,5,21,5,141,MIDNIGHT,SEX ABUSE,OTHERS,6
2013,5,21,14,143,DAY,SEX ABUSE,OTHERS,6
2013,5,21,0,144,MIDNIGHT,SEX ABUSE,OTHERS,7
2013,5,21,11,144,DAY,SEX ABUSE,OTHERS,2
2013,5,22,0,148,MIDNIGHT,HOMICIDE,GUN,4
2013,5,22,0,148,MIDNIGHT,HOMICIDE,GUN,4
2013,5,22,7,148,DAY,SEX ABUSE,OTHERS,1
2013,5,22,16,148,EVENING,SEX ABUSE,OTHERS,2
2013,5,22,17,148,EVENING,SEX ABUSE,OTHERS,7
2013,5,22,10,149,DAY,SEX ABUSE,OTHERS,7
2013,5,22,1,150,MIDNIGHT,SEX ABUSE,OTHERS,7
2013,5,22,12,150,DAY,SEX ABUSE,OTHERS,4
2013,5,22,14,150,DAY,SEX ABUSE,OTHERS,6
2013,6,22,0,151,MIDNIGHT,HOMICIDE,GUN,6
2013,6,22,12,151,DAY,SEX ABUSE,KNIFE,6
2013,6,23,18,152,EVENING,SEX ABUSE,OTHERS,2
2013,6,23,0,154,MIDNIGHT,HOMICIDE,GUN,3
2013,6,23,19,154,EVENING,SEX ABUSE,OTHERS,6
2013,6,23,0,155,MIDNIGHT,HOMICIDE,GUN,5
2013,6,23,17,155,EVENING,SEX ABUSE,OTHERS,2
2013,6,23,17,155,EVENING,SEX ABUSE,OTHERS,4
2013,6,23,18,155,EVENING,SEX ABUSE,GUN,2
2013,6,23,0,156,MIDNIGHT,HOMICIDE,GUN,7
2013,6,23,0,156,MIDNIGHT,HOMICIDE,GUN,1
2013,6,23,11,156,DAY,SEX ABUSE,OTHERS,1
2013,6,23,0,157,MIDNIGHT,SEX ABUSE,OTHERS,7
2013,6,23,5,157,MIDNIGHT,SEX ABUSE,OTHERS,5
2013,6,24,16,159,EVENING,SEX ABUSE,OTHERS,7
2013,6,24,0,162,MIDNIGHT,HOMICIDE,GUN,5
2013,6,24,6,162,MIDNIGHT,SEX ABUSE,KNIFE,4
2013,6,24,17,162,EVENING,SEX ABUSE,OTHERS,7
2013,6,24,19,164,EVENING,SEX ABUSE,OTHERS,6
2013,6,24,4,165,MIDNIGHT,SEX ABUSE,OTHERS,5
2013,6,25,13,166,DAY,SEX ABUSE,OTHERS,4
2013,6,25,1,167,MIDNIGHT,SEX ABUSE,OTHERS,6
2013,6,25,9,168,DAY,SEX ABUSE,KNIFE,7
2013,6,25,0,170,MIDNIGHT,HOMICIDE,KNIFE,6
2013,6,25,0,170,MIDNIGHT,HOMICIDE,GUN,6
2013,6,25,0,170,MIDNIGHT,SEX ABUSE,GUN,6
2013,6,25,18,171,EVENING,SEX ABUSE,OTHERS,6
2013,6,25,0,172,MIDNIGHT,HOMICIDE,GUN,7
2013,6,25,9,172,DAY,SEX ABUSE,OTHERS,1
2013,6,26,0,173,MIDNIGHT,HOMICIDE,GUN,6
2013,6,26,18,173,EVENING,SEX ABUSE,OTHERS,3
2013,6,26,0,175,MIDNIGHT,HOMICIDE,GUN,1
2013,6,26,21,175,EVENING,SEX ABUSE,OTHERS,7
2013,6,26,3,177,MIDNIGHT,SEX ABUSE,OTHERS,6
2013,6,26,3,179,MIDNIGHT,SEX ABUSE,OTHERS,6
2013,6,27,11,180,DAY,SEX ABUSE,OTHERS,6
2013,7,27,16,182,EVENING,SEX ABUSE,OTHERS,5
2013,7,27,23,182,MIDNIGHT,SEX ABUSE,OTHERS,6
2013,7,27,0,183,MIDNIGHT,HOMICIDE,OTHERS,7
2013,7,27,0,183,MIDNIGHT,HOMICIDE,OTHERS,7
2013,7,27,0,183,MIDNIGHT,HOMICIDE,KNIFE,6
2013,7,27,9,183,DAY,SEX ABUSE,OTHERS,4
2013,7,27,0,185,MIDNIGHT,HOMICIDE,GUN,3
2013,7,27,1,185,MIDNIGHT,SEX ABUSE,OTHERS,1
2013,7,27,0,186,MIDNIGHT,HOMICIDE,GUN,6
2013,7,27,16,186,EVENING,SEX ABUSE,OTHERS,6
2013,7,28,3,187,MIDNIGHT,SEX ABUSE,GUN,6
2013,7,28,0,188,MIDNIGHT,SEX ABUSE,OTHERS,6
2013,7,28,3,188,MIDNIGHT,SEX ABUSE,OTHERS,3
2013,7,28,21,192,EVENING,SEX ABUSE,GUN,1
2013,7,28,0,193,MIDNIGHT,HOMICIDE,GUN,3
2013,7,29,15,194,DAY,SEX ABUSE,GUN,7
2013,7,29,0,197,MIDNIGHT,HOMICIDE,GUN,7
2013,7,29,0,197,MIDNIGHT,HOMICIDE,GUN,6
2013,7,29,2,197,MIDNIGHT,SEX ABUSE,OTHERS,6
2013,7,29,13,197,DAY,SEX ABUSE,OTHERS,2
2013,7,29,0,198,MIDNIGHT,HOMICIDE,GUN,6
2013,7,29,0,200,MIDNIGHT,HOMICIDE,GUN,1
2013,7,29,0,200,MIDNIGHT,HOMICIDE,GUN,6
2013,7,29,0,200,MIDNIGHT,HOMICIDE,GUN,6
2013,7,30,11,201,DAY,SEX ABUSE,OTHERS,7
2013,7,30,10,202,DAY,SEX ABUSE,OTHERS,3
2013,7,30,8,204,DAY,SEX ABUSE,OTHERS,3
2013,7,30,11,205,DAY,SEX ABUSE,OTHERS,1
2013,7,30,0,206,MIDNIGHT,HOMICIDE,GUN,3
2013,7,30,1,206,MIDNIGHT,SEX ABUSE,OTHERS,6
2013,7,31,0,208,MIDNIGHT,SEX ABUSE,OTHERS,1
2013,7,31,20,208,EVENING,SEX ABUSE,OTHERS,7
2013,7,31,0,210,MIDNIGHT,HOMICIDE,KNIFE,7
2013,7,31,0,210,MIDNIGHT,SEX ABUSE,OTHERS,1
2013,7,31,1,210,MIDNIGHT,SEX ABUSE,OTHERS,6
2013,7,31,17,210,EVENING,SEX ABUSE,OTHERS,1
2013,7,31,0,211,MIDNIGHT,HOMICIDE,OTHERS,5
2013,7,31,4,211,MIDNIGHT,SEX ABUSE,OTHERS,4
2013,7,31,10,211,DAY,SEX ABUSE,OTHERS,4
2013,7,31,13,211,DAY,SEX ABUSE,OTHERS,4
2013,8,31,0,213,MIDNIGHT,HOMICIDE,GUN,6
2013,8,31,11,213,DAY,SEX ABUSE,GUN,4
2013,8,31,9,214,DAY,SEX ABUSE,OTHERS,7
2013,8,31,18,214,EVENING,SEX ABUSE,OTHERS,6
2013,8,32,3,215,MIDNIGHT,SEX ABUSE,OTHERS,1
2013,8,32,14,215,DAY,SEX ABUSE,KNIFE,5
2013,8,32,0,217,MIDNIGHT,HOMICIDE,OTHERS,6
2013,8,32,7,217,DAY,SEX ABUSE,OTHERS,1
2013,8,32,20,217,EVENING,SEX ABUSE,OTHERS,7
2013,8,32,22,218,EVENING,SEX ABUSE,OTHERS,5
2013,8,32,0,220,MIDNIGHT,HOMICIDE,GUN,7
2013,8,32,1,220,MIDNIGHT,SEX ABUSE,OTHERS,6
2013,8,33,21,222,EVENING,SEX ABUSE,OTHERS,5
2013,8,33,13,224,DAY,SEX ABUSE,OTHERS,3
2013,8,33,19,226,EVENING,SEX ABUSE,GUN,7
2013,8,33,0,227,MIDNIGHT,SEX ABUSE,OTHERS,6
2013,8,33,11,227,DAY,SEX ABUSE,OTHERS,5
2013,8,33,0,228,MIDNIGHT,HOMICIDE,GUN,6
2013,8,33,4,228,MIDNIGHT,SEX ABUSE,KNIFE,5
2013,8,33,6,228,MIDNIGHT,SEX ABUSE,OTHERS,6
2013,8,34,12,229,DAY,SEX ABUSE,OTHERS,7
2013,8,34,0,230,MIDNIGHT,SEX ABUSE,OTHERS,3
2013,8,34,10,231,DAY,SEX ABUSE,OTHERS,2
2013,8,34,0,232,MIDNIGHT,HOMICIDE,GUN,7
2013,8,34,22,232,EVENING,SEX ABUSE,OTHERS,1
2013,8,34,0,234,MIDNIGHT,SEX ABUSE,OTHERS,4
2013,8,34,22,234,EVENING,SEX ABUSE,OTHERS,7
2013,8,34,0,235,MIDNIGHT,HOMICIDE,GUN,5
2013,8,35,0,237,MIDNIGHT,SEX ABUSE,OTHERS,3
2013,8,35,8,237,DAY,SEX ABUSE,OTHERS,3
2013,8,35,23,238,MIDNIGHT,SEX ABUSE,OTHERS,7
2013,8,35,17,239,EVENING,SEX ABUSE,OTHERS,2
2013,8,35,23,239,MIDNIGHT,SEX ABUSE,KNIFE,1
2013,8,35,14,240,DAY,SEX ABUSE,OTHERS,2
2013,8,35,22,240,EVENING,SEX ABUSE,OTHERS,1
2013,8,35,23,240,EVENING,SEX ABUSE,OTHERS,1
2013,8,35,1,241,MIDNIGHT,SEX ABUSE,GUN,7
2013,8,35,15,241,EVENING,SEX ABUSE,OTHERS,7
2013,8,35,0,242,MIDNIGHT,HOMICIDE,GUN,7
2013,8,35,14,242,DAY,SEX ABUSE,OTHERS,4
2013,9,36,0,243,MIDNIGHT,HOMICIDE,GUN,3
2013,9,36,0,244,MIDNIGHT,HOMICIDE,KNIFE,4
2013,9,36,23,244,MIDNIGHT,SEX ABUSE,OTHERS,5
2013,9,36,18,245,EVENING,SEX ABUSE,OTHERS,4
2013,9,36,0,246,MIDNIGHT,HOMICIDE,GUN,1
2013,9,36,20,246,EVENING,SEX ABUSE,OTHERS,2
2013,9,36,6,248,MIDNIGHT,SEX ABUSE,OTHERS,6
2013,9,36,0,249,MIDNIGHT,HOMICIDE,GUN,7
2013,9,36,5,249,MIDNIGHT,SEX ABUSE,OTHERS,4
2013,9,37,11,250,DAY,SEX ABUSE,OTHERS,5
2013,9,37,6,251,MIDNIGHT,SEX ABUSE,OTHERS,5
2013,9,37,21,251,EVENING,SEX ABUSE,OTHERS,7
2013,9,37,18,252,EVENING,SEX ABUSE,OTHERS,7
2013,9,37,13,253,DAY,SEX ABUSE,OTHERS,6
2013,9,37,0,254,MIDNIGHT,HOMICIDE,GUN,1
2013,9,37,0,255,MIDNIGHT,HOMICIDE,GUN,5
2013,9,37,22,255,EVENING,SEX ABUSE,OTHERS,5
2013,9,38,0,258,MIDNIGHT,HOMICIDE,GUN,1
2013,9,38,0,258,MIDNIGHT,HOMICIDE,GUN,1
2013,9,38,0,258,MIDNIGHT,HOMICIDE,GUN,1
2013,9,38,0,258,MIDNIGHT,HOMICIDE,GUN,1
2013,9,38,0,258,MIDNIGHT,HOMICIDE,GUN,1
2013,9,38,0,258,MIDNIGHT,HOMICIDE,GUN,1
2013,9,38,0,258,MIDNIGHT,HOMICIDE,GUN,1
2013,9,38,0,258,MIDNIGHT,HOMICIDE,GUN,1
2013,9,38,0,258,MIDNIGHT,HOMICIDE,GUN,1
2013,9,38,0,258,MIDNIGHT,HOMICIDE,GUN,1
2013,9,38,0,258,MIDNIGHT,HOMICIDE,GUN,1
2013,9,38,0,258,MIDNIGHT,HOMICIDE,GUN,1
2013,9,38,17,258,EVENING,SEX ABUSE,OTHERS,5
2013,9,38,9,259,DAY,SEX ABUSE,OTHERS,3
2013,9,38,22,260,EVENING,SEX ABUSE,GUN,6
2013,9,38,0,261,MIDNIGHT,HOMICIDE,GUN,7
2013,9,38,1,261,MIDNIGHT,SEX ABUSE,OTHERS,3
2013,9,38,20,261,EVENING,SEX ABUSE,KNIFE,1
2013,9,38,0,262,MIDNIGHT,HOMICIDE,OTHERS,3
2013,9,38,0,262,MIDNIGHT,HOMICIDE,OTHERS,4
2013,9,38,2,262,MIDNIGHT,SEX ABUSE,OTHERS,6
2013,9,38,0,263,MIDNIGHT,HOMICIDE,KNIFE,4
2013,9,39,4,264,MIDNIGHT,SEX ABUSE,OTHERS,5
2013,9,39,21,265,EVENING,SEX ABUSE,OTHERS,1
2013,9,39,4,267,MIDNIGHT,SEX ABUSE,OTHERS,5
2013,9,39,16,268,EVENING,SEX ABUSE,OTHERS,7
2013,9,39,4,269,MIDNIGHT,SEX ABUSE,OTHERS,5
2013,9,39,6,269,MIDNIGHT,SEX ABUSE,OTHERS,5
2013,9,39,0,270,MIDNIGHT,HOMICIDE,GUN,7
2013,9,39,2,270,MIDNIGHT,SEX ABUSE,GUN,3
2013,10,40,11,273,DAY,SEX ABUSE,OTHERS,3
2013,10,40,14,273,DAY,SEX ABUSE,OTHERS,4
2013,10,40,11,274,DAY,SEX ABUSE,OTHERS,2
2013,10,40,12,274,DAY,SEX ABUSE,OTHERS,4
2013,10,40,14,275,DAY,SEX ABUSE,OTHERS,3
2013,10,40,7,276,MIDNIGHT,SEX ABUSE,OTHERS,6
2013,10,40,14,277,DAY,SEX ABUSE,OTHERS,3
2013,10,40,16,277,EVENING,SEX ABUSE,OTHERS,3
2013,10,41,3,278,MIDNIGHT,SEX ABUSE,OTHERS,4
2013,10,41,1,281,MIDNIGHT,SEX ABUSE,KNIFE,6
2013,10,41,0,282,MIDNIGHT,SEX ABUSE,OTHERS,6
2013,10,41,16,282,EVENING,SEX ABUSE,OTHERS,6
2013,10,41,18,282,EVENING,SEX ABUSE,OTHERS,6
2013,10,41,2,283,MIDNIGHT,SEX ABUSE,KNIFE,6
2013,10,42,15,285,EVENING,SEX ABUSE,OTHERS,1
2013,10,42,0,288,MIDNIGHT,HOMICIDE,OTHERS,4
2013,10,42,0,288,MIDNIGHT,HOMICIDE,GUN,6
2013,10,42,23,291,MIDNIGHT,SEX ABUSE,OTHERS,3
2013,10,42,23,291,MIDNIGHT,SEX ABUSE,GUN,6
2013,10,43,5,292,MIDNIGHT,SEX ABUSE,OTHERS,5
2013,10,43,12,293,DAY,SEX ABUSE,GUN,5
2013,10,43,1,294,MIDNIGHT,SEX ABUSE,OTHERS,6
2013,10,43,17,294,EVENING,SEX ABUSE,OTHERS,5
2013,10,43,0,295,MIDNIGHT,SEX ABUSE,KNIFE,7
2013,10,43,13,295,DAY,SEX ABUSE,KNIFE,1
2013,10,43,14,296,DAY,SEX ABUSE,OTHERS,7
2013,10,43,14,297,DAY,SEX ABUSE,OTHERS,7
2013,10,43,22,297,EVENING,SEX ABUSE,OTHERS,2
2013,10,43,0,298,MIDNIGHT,HOMICIDE,GUN,7
2013,10,43,0,298,MIDNIGHT,HOMICIDE,GUN,5
2013,10,44,11,299,DAY,SEX ABUSE,OTHERS,1
2013,10,44,21,299,EVENING,SEX ABUSE,OTHERS,5
2013,10,44,23,299,EVENING,SEX ABUSE,OTHERS,1
2013,10,44,0,300,MIDNIGHT,HOMICIDE,OTHERS,5
2013,10,44,0,300,MIDNIGHT,SEX ABUSE,KNIFE,1
2013,10,44,12,300,DAY,SEX ABUSE,OTHERS,6
2013,10,44,14,301,DAY,SEX ABUSE,OTHERS,7
2013,10,44,3,302,MIDNIGHT,SEX ABUSE,GUN,6
2013,10,44,3,302,MIDNIGHT,SEX ABUSE,GUN,6
2013,10,44,3,303,MIDNIGHT,SEX ABUSE,OTHERS,4
2013,10,44,13,303,DAY,SEX ABUSE,OTHERS,7
2013,10,44,18,303,EVENING,SEX ABUSE,OTHERS,6
2013,11,44,0,304,MIDNIGHT,HOMICIDE,GUN,4
2013,11,44,6,304,MIDNIGHT,SEX ABUSE,GUN,5
2013,11,44,3,305,MIDNIGHT,SEX ABUSE,OTHERS,6
2013,11,45,0,306,MIDNIGHT,HOMICIDE,GUN,7
2013,11,45,3,308,MIDNIGHT,SEX ABUSE,OTHERS,6
2013,11,45,15,310,DAY,SEX ABUSE,OTHERS,6
2013,11,45,20,310,EVENING,SEX ABUSE,OTHERS,5
2013,11,45,0,311,MIDNIGHT,HOMICIDE,GUN,7
2013,11,45,0,311,MIDNIGHT,HOMICIDE,GUN,6
2013,11,45,14,312,DAY,SEX ABUSE,OTHERS,6
2013,11,46,1,313,MIDNIGHT,SEX ABUSE,OTHERS,2
2013,11,46,6,313,MIDNIGHT,SEX ABUSE,GUN,6
2013,11,46,15,314,EVENING,SEX ABUSE,OTHERS,7
2013,11,46,1,315,MIDNIGHT,SEX ABUSE,OTHERS,1
2013,11,46,0,316,MIDNIGHT,SEX ABUSE,OTHERS,1
2013,11,46,11,316,DAY,SEX ABUSE,OTHERS,6
2013,11,46,17,317,EVENING,SEX ABUSE,OTHERS,3
2013,11,46,19,317,EVENING,SEX ABUSE,OTHERS,3
2013,11,46,0,318,MIDNIGHT,HOMICIDE,KNIFE,4
2013,11,46,5,319,MIDNIGHT,SEX ABUSE,OTHERS,7
2013,11,47,0,321,MIDNIGHT,HOMICIDE,KNIFE,2
2013,11,47,11,324,DAY,SEX ABUSE,OTHERS,4
2013,11,47,17,324,EVENING,SEX ABUSE,OTHERS,4
2013,11,47,0,325,MIDNIGHT,HOMICIDE,GUN,6
2013,11,47,0,325,MIDNIGHT,HOMICIDE,GUN,6
2013,11,48,0,327,MIDNIGHT,HOMICIDE,GUN,7
2013,11,48,7,328,MIDNIGHT,SEX ABUSE,KNIFE,7
2013,11,48,19,328,EVENING,SEX ABUSE,OTHERS,4
2013,11,48,17,329,EVENING,SEX ABUSE,OTHERS,2
2013,11,48,20,329,EVENING,SEX ABUSE,KNIFE,5
2013,11,48,22,329,EVENING,SEX ABUSE,OTHERS,2
2013,11,48,15,330,DAY,SEX ABUSE,OTHERS,4
2013,11,48,3,331,MIDNIGHT,SEX ABUSE,OTHERS,3
2013,11,48,4,331,MIDNIGHT,SEX ABUSE,OTHERS,2
2013,12,49,7,334,DAY,SEX ABUSE,OTHERS,4
2013,12,49,19,334,EVENING,SEX ABUSE,OTHERS,2
2013,12,49,0,335,MIDNIGHT,HOMICIDE,GUN,7
2013,12,49,0,337,MIDNIGHT,SEX ABUSE,OTHERS,1
2013,12,49,0,338,MIDNIGHT,HOMICIDE,OTHERS,7
2013,12,49,10,338,DAY,SEX ABUSE,OTHERS,7
2013,12,49,22,338,EVENING,SEX ABUSE,OTHERS,1
2013,12,49,15,339,EVENING,SEX ABUSE,OTHERS,6
2013,12,49,0,340,MIDNIGHT,HOMICIDE,GUN,5
2013,12,50,0,341,MIDNIGHT,HOMICIDE,GUN,4
2013,12,50,0,341,MIDNIGHT,HOMICIDE,KNIFE,5
2013,12,50,10,342,DAY,SEX ABUSE,OTHERS,6
2013,12,50,16,342,EVENING,SEX ABUSE,OTHERS,5
2013,12,50,22,342,EVENING,SEX ABUSE,OTHERS,4
2013,12,50,3,347,MIDNIGHT,SEX ABUSE,OTHERS,4
2013,12,51,15,348,DAY,SEX ABUSE,OTHERS,1
2013,12,51,1,349,MIDNIGHT,SEX ABUSE,OTHERS,6
2013,12,51,16,349,EVENING,SEX ABUSE,OTHERS,7
2013,12,51,12,350,DAY,SEX ABUSE,OTHERS,7
2013,12,51,10,354,DAY,SEX ABUSE,KNIFE,5
2013,12,52,0,355,MIDNIGHT,HOMICIDE,GUN,5
2013,12,52,3,355,MIDNIGHT,SEX ABUSE,GUN,7
2013,12,52,3,355,MIDNIGHT,SEX ABUSE,GUN,7
2013,12,52,23,355,EVENING,SEX ABUSE,OTHERS,6
2013,12,52,13,356,DAY,SEX ABUSE,OTHERS,7
2013,12,52,17,359,EVENING,SEX ABUSE,OTHERS,1
2013,12,52,3,361,MIDNIGHT,SEX ABUSE,OTHERS,7
2013,12,52,12,361,DAY,SEX ABUSE,OTHERS,5
2013,12,53,0,364,MIDNIGHT,HOMICIDE,OTHERS,6
2014,1,1,3,0,MIDNIGHT,SEX ABUSE,OTHERS,2
2014,1,1,20,0,EVENING,SEX ABUSE,OTHERS,1
2014,1,1,21,0,EVENING,SEX ABUSE,KNIFE,3
2014,1,1,0,2,MIDNIGHT,HOMICIDE,KNIFE,5
2014,1,1,0,3,MIDNIGHT,SEX ABUSE,OTHERS,7
2014,1,1,22,3,EVENING,SEX ABUSE,OTHERS,2
2014,1,2,10,6,DAY,SEX ABUSE,OTHERS,3
2014,1,2,23,6,EVENING,SEX ABUSE,OTHERS,5
2014,1,2,12,8,DAY,SEX ABUSE,OTHERS,5
2014,1,2,0,9,MIDNIGHT,HOMICIDE,OTHERS,6
2014,1,2,0,10,MIDNIGHT,SEX ABUSE,OTHERS,3
2014,1,3,0,11,MIDNIGHT,HOMICIDE,GUN,7
2014,1,3,6,12,MIDNIGHT,SEX ABUSE,OTHERS,1
2014,1,3,17,12,EVENING,SEX ABUSE,OTHERS,6
2014,1,3,6,13,MIDNIGHT,SEX ABUSE,OTHERS,4
2014,1,3,14,13,DAY,SEX ABUSE,OTHERS,6
2014,1,3,23,13,MIDNIGHT,SEX ABUSE,GUN,5
2014,1,3,0,14,MIDNIGHT,HOMICIDE,GUN,7
2014,1,3,10,14,DAY,SEX ABUSE,OTHERS,4
2014,1,3,0,16,MIDNIGHT,HOMICIDE,GUN,4
2014,1,4,0,18,MIDNIGHT,HOMICIDE,KNIFE,2
2014,1,4,0,19,MIDNIGHT,HOMICIDE,OTHERS,3
2014,1,4,0,19,MIDNIGHT,HOMICIDE,GUN,3
2014,1,4,19,20,EVENING,SEX ABUSE,OTHERS,2
2014,1,4,0,21,MIDNIGHT,HOMICIDE,GUN,7
2014,1,4,23,21,MIDNIGHT,SEX ABUSE,OTHERS,6
2014,1,4,0,22,MIDNIGHT,HOMICIDE,OTHERS,4
2014,1,4,8,22,DAY,SEX ABUSE,OTHERS,3
2014,1,4,10,22,DAY,SEX ABUSE,OTHERS,1
2014,1,4,0,23,MIDNIGHT,HOMICIDE,GUN,7
2014,1,4,0,23,MIDNIGHT,HOMICIDE,GUN,6
2014,1,4,8,24,DAY,SEX ABUSE,OTHERS,7
2014,1,4,16,24,EVENING,SEX ABUSE,OTHERS,4
2014,1,4,20,24,EVENING,SEX ABUSE,KNIFE,5
2014,1,5,13,26,DAY,SEX ABUSE,OTHERS,3
2014,1,5,0,29,MIDNIGHT,HOMICIDE,GUN,6
2014,1,5,0,29,MIDNIGHT,HOMICIDE,GUN,6
2014,2,5,9,31,DAY,SEX ABUSE,KNIFE,5
2014,2,6,8,32,DAY,SEX ABUSE,GUN,3
2014,2,6,17,33,EVENING,SEX ABUSE,OTHERS,7
2014,2,6,0,35,MIDNIGHT,HOMICIDE,GUN,6
2014,2,6,5,36,MIDNIGHT,SEX ABUSE,OTHERS,7
2014,2,6,21,36,EVENING,SEX ABUSE,OTHERS,6
2014,2,7,21,40,EVENING,SEX ABUSE,OTHERS,7
2014,2,7,0,44,MIDNIGHT,SEX ABUSE,OTHERS,1
2014,2,8,12,47,DAY,SEX ABUSE,OTHERS,2
2014,2,8,5,48,MIDNIGHT,SEX ABUSE,OTHERS,2
2014,2,8,17,49,EVENING,SEX ABUSE,OTHERS,5
2014,2,8,0,51,MIDNIGHT,HOMICIDE,OTHERS,7
2014,2,8,18,51,EVENING,SEX ABUSE,OTHERS,6
2014,2,8,0,52,MIDNIGHT,HOMICIDE,GUN,6
2014,2,8,12,52,DAY,SEX ABUSE,OTHERS,2
2014,2,9,0,53,MIDNIGHT,HOMICIDE,GUN,7
2014,2,9,0,53,MIDNIGHT,HOMICIDE,GUN,5
2014,2,9,14,56,DAY,SEX ABUSE,OTHERS,7
2014,2,9,15,56,EVENING,SEX ABUSE,OTHERS,7
2014,2,9,17,56,EVENING,SEX ABUSE,OTHERS,2
2014,2,9,0,57,MIDNIGHT,HOMICIDE,KNIFE,7
2014,2,9,0,57,MIDNIGHT,HOMICIDE,GUN,6
2014,2,9,17,57,EVENING,SEX ABUSE,OTHERS,7
2014,2,9,20,57,EVENING,SEX ABUSE,OTHERS,5
2014,2,9,0,58,MIDNIGHT,HOMICIDE,GUN,6
2014,2,9,0,58,MIDNIGHT,HOMICIDE,GUN,6
2014,3,9,0,59,MIDNIGHT,HOMICIDE,GUN,4
2014,3,9,0,59,MIDNIGHT,HOMICIDE,OTHERS,6
2014,3,9,14,59,DAY,SEX ABUSE,GUN,6
2014,3,10,17,61,EVENING,SEX ABUSE,OTHERS,4
2014,3,10,6,62,MIDNIGHT,SEX ABUSE,GUN,6
2014,3,10,0,63,MIDNIGHT,HOMICIDE,GUN,4
2014,3,10,21,63,EVENING,SEX ABUSE,OTHERS,4
2014,3,10,0,65,MIDNIGHT,SEX ABUSE,OTHERS,1
2014,3,10,16,65,EVENING,SEX ABUSE,OTHERS,7
2014,3,10,19,65,EVENING,SEX ABUSE,OTHERS,2
2014,3,10,5,66,MIDNIGHT,SEX ABUSE,OTHERS,7
2014,3,11,21,69,EVENING,SEX ABUSE,OTHERS,5
2014,3,11,0,72,MIDNIGHT,HOMICIDE,GUN,7
2014,3,11,23,72,MIDNIGHT,SEX ABUSE,OTHERS,6
2014,3,11,0,73,MIDNIGHT,HOMICIDE,GUN,6
2014,3,11,4,73,MIDNIGHT,SEX ABUSE,OTHERS,6
2014,3,12,0,74,MIDNIGHT,HOMICIDE,GUN,6
2014,3,12,0,74,MIDNIGHT,SEX ABUSE,OTHERS,7
2014,3,12,1,74,MIDNIGHT,SEX ABUSE,OTHERS,6
2014,3,12,17,74,EVENING,SEX ABUSE,OTHERS,6
2014,3,12,22,74,EVENING,SEX ABUSE,OTHERS,4
2014,3,12,11,75,DAY,SEX ABUSE,OTHERS,5
2014,3,12,11,76,DAY,SEX ABUSE,OTHERS,1
2014,3,12,17,76,EVENING,SEX ABUSE,OTHERS,5
2014,3,12,23,76,MIDNIGHT,SEX ABUSE,OTHERS,5
2014,3,12,11,79,DAY,SEX ABUSE,OTHERS,2
2014,3,12,23,79,MIDNIGHT,SEX ABUSE,OTHERS,1
2014,3,13,3,82,MIDNIGHT,SEX ABUSE,OTHERS,7
2014,3,13,2,84,MIDNIGHT,SEX ABUSE,OTHERS,5
2014,3,13,19,86,EVENING,SEX ABUSE,OTHERS,4
2014,3,13,0,87,MIDNIGHT,HOMICIDE,GUN,7
2014,3,13,5,87,MIDNIGHT,SEX ABUSE,KNIFE,7
2014,3,13,21,87,EVENING,SEX ABUSE,KNIFE,5
2014,3,14,11,88,DAY,SEX ABUSE,OTHERS,2
2014,3,14,13,88,DAY,SEX ABUSE,OTHERS,6
2014,3,14,0,89,MIDNIGHT,HOMICIDE,GUN,6
2014,3,14,18,89,EVENING,SEX ABUSE,OTHERS,7
2014,4,14,16,90,EVENING,SEX ABUSE,OTHERS,5
2014,4,14,1,91,MIDNIGHT,SEX ABUSE,OTHERS,4
2014,4,14,4,91,MIDNIGHT,SEX ABUSE,OTHERS,1
2014,4,14,23,91,MIDNIGHT,SEX ABUSE,OTHERS,4
2014,4,14,22,92,EVENING,SEX ABUSE,OTHERS,7
2014,4,14,9,93,DAY,SEX ABUSE,GUN,6
2014,4,15,10,95,DAY,SEX ABUSE,OTHERS,5
2014,4,15,13,95,DAY,SEX ABUSE,OTHERS,1
2014,4,15,0,97,MIDNIGHT,HOMICIDE,GUN,7
2014,4,15,21,97,EVENING,SEX ABUSE,OTHERS,5
2014,4,15,0,99,MIDNIGHT,HOMICIDE,GUN,6
2014,4,15,22,99,EVENING,SEX ABUSE,OTHERS,6
2014,4,15,0,100,MIDNIGHT,HOMICIDE,OTHERS,5
2014,4,15,16,100,EVENING,SEX ABUSE,OTHERS,7
2014,4,15,8,101,DAY,SEX ABUSE,OTHERS,2
2014,4,15,22,101,EVENING,SEX ABUSE,OTHERS,6
2014,4,16,5,102,MIDNIGHT,SEX ABUSE,OTHERS,1
2014,4,16,6,102,MIDNIGHT,SEX ABUSE,GUN,5
2014,4,16,7,102,DAY,SEX ABUSE,OTHERS,2
2014,4,16,7,102,DAY,SEX ABUSE,OTHERS,6
2014,4,16,0,108,MIDNIGHT,HOMICIDE,KNIFE,7
2014,4,17,16,110,EVENING,SEX ABUSE,OTHERS,5
2014,4,17,22,110,EVENING,SEX ABUSE,OTHERS,4
2014,4,17,14,113,DAY,SEX ABUSE,OTHERS,7
2014,4,17,22,113,EVENING,SEX ABUSE,OTHERS,4
2014,4,17,0,114,MIDNIGHT,HOMICIDE,KNIFE,7
2014,4,17,0,114,MIDNIGHT,HOMICIDE,GUN,1
2014,4,18,16,117,EVENING,SEX ABUSE,OTHERS,2
2014,4,18,21,117,EVENING,SEX ABUSE,GUN,7
2014,5,18,0,121,MIDNIGHT,HOMICIDE,OTHERS,4
2014,5,18,5,122,MIDNIGHT,SEX ABUSE,OTHERS,7
2014,5,19,6,123,MIDNIGHT,SEX ABUSE,OTHERS,6
2014,5,19,23,124,EVENING,SEX ABUSE,OTHERS,7
2014,5,19,0,125,MIDNIGHT,SEX ABUSE,GUN,6
2014,5,19,22,125,EVENING,SEX ABUSE,KNIFE,3
2014,5,19,0,126,MIDNIGHT,SEX ABUSE,GUN,6
2014,5,19,5,126,MIDNIGHT,SEX ABUSE,OTHERS,2
2014,5,19,8,126,DAY,SEX ABUSE,OTHERS,1
2014,5,19,23,126,MIDNIGHT,SEX ABUSE,OTHERS,2
2014,5,19,0,127,MIDNIGHT,HOMICIDE,OTHERS,5
2014,5,19,20,127,EVENING,SEX ABUSE,OTHERS,2
2014,5,19,0,129,MIDNIGHT,HOMICIDE,OTHERS,1
2014,5,19,4,129,MIDNIGHT,SEX ABUSE,OTHERS,3
2014,5,20,5,130,MIDNIGHT,SEX ABUSE,OTHERS,3
2014,5,20,0,132,MIDNIGHT,HOMICIDE,KNIFE,6
2014,5,20,13,132,DAY,SEX ABUSE,OTHERS,3
2014,5,20,16,132,EVENING,SEX ABUSE,OTHERS,5
2014,5,20,16,132,EVENING,SEX ABUSE,OTHERS,5
2014,5,20,0,134,MIDNIGHT,HOMICIDE,GUN,6
2014,5,20,8,134,DAY,SEX ABUSE,OTHERS,6
2014,5,20,17,134,EVENING,SEX ABUSE,OTHERS,1
2014,5,21,0,137,MIDNIGHT,HOMICIDE,GUN,7
2014,5,21,0,139,MIDNIGHT,HOMICIDE,GUN,7
2014,5,21,0,139,MIDNIGHT,HOMICIDE,GUN,6
2014,5,21,19,139,EVENING,SEX ABUSE,OTHERS,1
2014,5,21,20,140,EVENING,SEX ABUSE,OTHERS,4
2014,5,21,22,140,EVENING,SEX ABUSE,KNIFE,1
2014,5,21,21,141,EVENING,SEX ABUSE,OTHERS,4
2014,5,21,22,141,EVENING,SEX ABUSE,OTHERS,1
2014,5,21,23,142,EVENING,SEX ABUSE,OTHERS,4
2014,5,21,1,143,MIDNIGHT,SEX ABUSE,OTHERS,2
2014,5,21,21,143,EVENING,SEX ABUSE,OTHERS,4
2014,5,22,1,144,MIDNIGHT,SEX ABUSE,OTHERS,2
2014,5,22,18,146,EVENING,SEX ABUSE,OTHERS,2
2014,5,22,0,148,MIDNIGHT,SEX ABUSE,OTHERS,6
2014,5,22,0,150,MIDNIGHT,HOMICIDE,GUN,1
2014,6,23,1,151,MIDNIGHT,SEX ABUSE,OTHERS,2
2014,6,23,5,151,MIDNIGHT,SEX ABUSE,OTHERS,6
2014,6,23,18,151,EVENING,SEX ABUSE,OTHERS,1
2014,6,23,22,151,EVENING,SEX ABUSE,OTHERS,3
2014,6,23,17,152,EVENING,SEX ABUSE,OTHERS,5
2014,6,23,22,153,EVENING,SEX ABUSE,OTHERS,4
2014,6,23,0,154,MIDNIGHT,HOMICIDE,GUN,5
2014,6,23,16,154,EVENING,SEX ABUSE,OTHERS,4
2014,6,23,10,156,DAY,SEX ABUSE,OTHERS,4
2014,6,23,22,156,EVENING,SEX ABUSE,OTHERS,4
2014,6,23,5,157,MIDNIGHT,SEX ABUSE,OTHERS,7
2014,6,23,12,157,DAY,SEX ABUSE,OTHERS,5
2014,6,23,14,157,DAY,SEX ABUSE,OTHERS,7
2014,6,24,14,159,DAY,SEX ABUSE,OTHERS,6
2014,6,24,22,160,EVENING,SEX ABUSE,GUN,6
2014,6,24,23,160,MIDNIGHT,SEX ABUSE,OTHERS,6
2014,6,24,0,161,MIDNIGHT,HOMICIDE,GUN,7
2014,6,24,4,161,MIDNIGHT,SEX ABUSE,OTHERS,6
2014,6,24,0,162,MIDNIGHT,HOMICIDE,OTHERS,3
2014,6,24,16,162,EVENING,SEX ABUSE,OTHERS,7
2014,6,24,6,163,MIDNIGHT,SEX ABUSE,OTHERS,3
2014,6,24,8,163,DAY,SEX ABUSE,KNIFE,4
2014,6,24,22,163,EVENING,SEX ABUSE,OTHERS,1
2014,6,24,11,164,DAY,SEX ABUSE,OTHERS,7
2014,6,25,0,165,MIDNIGHT,HOMICIDE,GUN,7
2014,6,25,0,167,MIDNIGHT,HOMICIDE,OTHERS,3
2014,6,25,23,167,EVENING,SEX ABUSE,OTHERS,4
2014,6,25,12,168,DAY,SEX ABUSE,OTHERS,7
2014,6,25,0,169,MIDNIGHT,SEX ABUSE,OTHERS,7
2014,6,25,15,169,DAY,SEX ABUSE,OTHERS,1
2014,6,25,11,170,DAY,SEX ABUSE,OTHERS,7
2014,6,25,0,171,MIDNIGHT,HOMICIDE,GUN,3
2014,6,25,1,171,MIDNIGHT,SEX ABUSE,OTHERS,1
2014,6,25,21,171,EVENING,SEX ABUSE,OTHERS,1
2014,6,26,3,173,MIDNIGHT,SEX ABUSE,OTHERS,7
2014,6,26,0,175,MIDNIGHT,HOMICIDE,OTHERS,7
2014,6,26,11,175,DAY,SEX ABUSE,OTHERS,6
2014,6,26,0,177,MIDNIGHT,HOMICIDE,GUN,1
2014,6,26,0,178,MIDNIGHT,HOMICIDE,GUN,1
2014,6,26,0,178,MIDNIGHT,SEX ABUSE,OTHERS,6
2014,6,26,8,178,DAY,SEX ABUSE,OTHERS,7
2014,6,27,0,179,MIDNIGHT,HOMICIDE,OTHERS,6
2014,6,27,0,179,MIDNIGHT,HOMICIDE,KNIFE,6
2014,6,27,19,179,EVENING,SEX ABUSE,OTHERS,6
2014,6,27,0,180,MIDNIGHT,HOMICIDE,GUN,5
2014,6,27,19,180,EVENING,SEX ABUSE,OTHERS,6
2014,7,27,22,181,EVENING,SEX ABUSE,OTHERS,4
2014,7,27,6,182,MIDNIGHT,SEX ABUSE,OTHERS,6
2014,7,27,15,183,EVENING,SEX ABUSE,OTHERS,6
2014,7,27,19,185,EVENING,SEX ABUSE,OTHERS,1
2014,7,28,0,186,MIDNIGHT,HOMICIDE,KNIFE,5
2014,7,28,0,186,MIDNIGHT,HOMICIDE,GUN,5
2014,7,28,5,186,MIDNIGHT,SEX ABUSE,OTHERS,3
2014,7,28,13,186,DAY,SEX ABUSE,OTHERS,6
2014,7,28,18,186,EVENING,SEX ABUSE,OTHERS,6
2014,7,28,21,186,EVENING,SEX ABUSE,OTHERS,4
2014,7,28,6,187,MIDNIGHT,SEX ABUSE,OTHERS,1
2014,7,28,0,188,MIDNIGHT,HOMICIDE,OTHERS,5
2014,7,28,0,189,MIDNIGHT,HOMICIDE,KNIFE,4
2014,7,28,2,189,MIDNIGHT,SEX ABUSE,OTHERS,6
2014,7,28,7,192,DAY,SEX ABUSE,OTHERS,3
2014,7,29,0,193,MIDNIGHT,HOMICIDE,GUN,7
2014,7,29,0,193,MIDNIGHT,HOMICIDE,GUN,5
2014,7,29,0,193,MIDNIGHT,HOMICIDE,GUN,5
2014,7,29,17,193,EVENING,SEX ABUSE,OTHERS,5
2014,7,29,18,193,EVENING,SEX ABUSE,GUN,5
2014,7,29,17,194,EVENING,SEX ABUSE,OTHERS,1
2014,7,29,20,196,EVENING,SEX ABUSE,OTHERS,3
2014,7,29,18,197,EVENING,SEX ABUSE,OTHERS,4
2014,7,29,20,197,EVENING,SEX ABUSE,KNIFE,5
2014,7,30,0,200,MIDNIGHT,HOMICIDE,GUN,6
2014,7,30,4,200,MIDNIGHT,SEX ABUSE,OTHERS,3
2014,7,30,4,200,MIDNIGHT,SEX ABUSE,OTHERS,2
2014,7,30,12,202,DAY,SEX ABUSE,OTHERS,3
2014,7,30,18,202,EVENING,SEX ABUSE,OTHERS,7
2014,7,30,22,202,EVENING,SEX ABUSE,OTHERS,4
2014,7,30,0,206,MIDNIGHT,HOMICIDE,GUN,7
2014,7,30,15,206,DAY,SEX ABUSE,OTHERS,6
2014,7,30,19,206,EVENING,SEX ABUSE,OTHERS,7
2014,7,31,0,207,MIDNIGHT,HOMICIDE,GUN,5
2014,7,31,9,207,DAY,SEX ABUSE,OTHERS,3
2014,7,31,12,208,DAY,SEX ABUSE,OTHERS,4
2014,7,31,17,208,EVENING,SEX ABUSE,OTHERS,2
2014,7,31,17,208,EVENING,SEX ABUSE,OTHERS,1
2014,7,31,23,210,MIDNIGHT,SEX ABUSE,OTHERS,6
2014,7,31,0,211,MIDNIGHT,HOMICIDE,KNIFE,3
2014,7,31,2,211,MIDNIGHT,SEX ABUSE,OTHERS,3
2014,8,32,2,214,MIDNIGHT,SEX ABUSE,OTHERS,7
2014,8,32,11,214,DAY,SEX ABUSE,OTHERS,6
2014,8,32,7,215,MIDNIGHT,SEX ABUSE,OTHERS,3
2014,8,32,7,215,DAY,SEX ABUSE,OTHERS,5
2014,8,32,14,217,DAY,SEX ABUSE,OTHERS,6
2014,8,32,0,218,MIDNIGHT,HOMICIDE,GUN,3
2014,8,32,20,218,EVENING,SEX ABUSE,OTHERS,1
2014,8,32,0,219,MIDNIGHT,HOMICIDE,GUN,4
2014,8,33,6,222,MIDNIGHT,SEX ABUSE,OTHERS,5
2014,8,33,18,224,EVENING,SEX ABUSE,OTHERS,6
2014,8,33,19,225,EVENING,SEX ABUSE,OTHERS,4
2014,8,33,0,226,MIDNIGHT,HOMICIDE,GUN,6
2014,8,33,0,226,MIDNIGHT,SEX ABUSE,OTHERS,7
2014,8,33,11,226,DAY,SEX ABUSE,OTHERS,1
2014,8,34,0,228,MIDNIGHT,SEX ABUSE,OTHERS,7
2014,8,34,4,229,MIDNIGHT,SEX ABUSE,OTHERS,4
2014,8,34,23,229,EVENING,SEX ABUSE,OTHERS,3
2014,8,34,19,230,EVENING,SEX ABUSE,OTHERS,6
2014,8,34,22,231,EVENING,SEX ABUSE,OTHERS,1
2014,8,34,6,233,MIDNIGHT,SEX ABUSE,OTHERS,2
2014,8,34,6,233,MIDNIGHT,SEX ABUSE,OTHERS,4
2014,8,34,23,233,MIDNIGHT,SEX ABUSE,OTHERS,4
2014,8,34,2,234,MIDNIGHT,SEX ABUSE,KNIFE,4
2014,8,34,10,234,DAY,SEX ABUSE,OTHERS,6
2014,8,34,14,234,DAY,SEX ABUSE,OTHERS,7
2014,8,35,22,236,EVENING,SEX ABUSE,OTHERS,6
2014,8,35,22,236,EVENING,SEX ABUSE,OTHERS,6
2014,8,35,22,236,EVENING,SEX ABUSE,OTHERS,1
2014,8,35,15,237,DAY,SEX ABUSE,OTHERS,5
2014,8,36,0,242,MIDNIGHT,HOMICIDE,GUN,7
2014,8,36,23,242,MIDNIGHT,SEX ABUSE,KNIFE,2
2014,9,36,5,244,MIDNIGHT,SEX ABUSE,OTHERS,3
2014,9,36,19,244,EVENING,SEX ABUSE,OTHERS,5
2014,9,36,23,248,EVENING,SEX ABUSE,OTHERS,3
2014,9,37,0,249,MIDNIGHT,HOMICIDE,GUN,5
2014,9,37,5,250,MIDNIGHT,SEX ABUSE,OTHERS,1
2014,9,37,9,250,DAY,SEX ABUSE,OTHERS,6
2014,9,37,13,250,DAY,SEX ABUSE,OTHERS,6
2014,9,37,18,250,EVENING,SEX ABUSE,OTHERS,3
2014,9,37,20,251,EVENING,SEX ABUSE,OTHERS,6
2014,9,37,0,252,MIDNIGHT,HOMICIDE,KNIFE,7
2014,9,37,0,253,MIDNIGHT,HOMICIDE,GUN,6
2014,9,37,1,253,MIDNIGHT,SEX ABUSE,OTHERS,7
2014,9,37,15,254,DAY,SEX ABUSE,OTHERS,2
2014,9,37,2,255,MIDNIGHT,SEX ABUSE,OTHERS,5
2014,9,37,18,255,EVENING,SEX ABUSE,OTHERS,7
2014,9,38,0,256,MIDNIGHT,HOMICIDE,GUN,7
2014,9,38,0,256,MIDNIGHT,HOMICIDE,KNIFE,6
2014,9,38,9,257,DAY,SEX ABUSE,OTHERS,2
2014,9,38,22,258,EVENING,SEX ABUSE,OTHERS,4
2014,9,38,17,259,EVENING,SEX ABUSE,OTHERS,7
2014,9,38,20,259,EVENING,SEX ABUSE,OTHERS,7
2014,9,38,0,260,MIDNIGHT,HOMICIDE,OTHERS,7
2014,9,39,0,263,MIDNIGHT,HOMICIDE,KNIFE,6
2014,9,39,15,264,EVENING,SEX ABUSE,OTHERS,2
2014,9,39,19,264,EVENING,SEX ABUSE,OTHERS,4
2014,9,39,6,265,MIDNIGHT,SEX ABUSE,OTHERS,3
2014,9,39,21,265,EVENING,SEX ABUSE,OTHERS,6
2014,9,39,16,266,EVENING,SEX ABUSE,OTHERS,6
2014,9,39,21,267,EVENING,SEX ABUSE,OTHERS,5
2014,9,39,15,269,DAY,SEX ABUSE,OTHERS,3
2014,9,40,1,270,MIDNIGHT,SEX ABUSE,OTHERS,3
2014,9,40,22,272,EVENING,SEX ABUSE,OTHERS,7
2014,10,40,0,273,MIDNIGHT,HOMICIDE,GUN,5
2014,10,40,17,273,EVENING,SEX ABUSE,OTHERS,7
2014,10,40,21,273,EVENING,SEX ABUSE,OTHERS,4
2014,10,40,22,273,EVENING,SEX ABUSE,OTHERS,5
2014,10,40,0,276,MIDNIGHT,HOMICIDE,KNIFE,4
2014,10,41,0,279,MIDNIGHT,HOMICIDE,GUN,7
2014,10,41,20,279,EVENING,SEX ABUSE,OTHERS,4
2014,10,41,17,280,EVENING,SEX ABUSE,GUN,5
2014,10,41,11,281,DAY,SEX ABUSE,OTHERS,4
2014,10,41,0,282,MIDNIGHT,HOMICIDE,GUN,7
2014,10,41,0,282,MIDNIGHT,HOMICIDE,GUN,7
2014,10,41,16,282,EVENING,SEX ABUSE,OTHERS,3
2014,10,41,19,282,EVENING,SEX ABUSE,OTHERS,6
2014,10,41,22,282,EVENING,SEX ABUSE,OTHERS,5
2014,10,41,5,283,MIDNIGHT,SEX ABUSE,OTHERS,4
2014,10,42,2,284,MIDNIGHT,SEX ABUSE,OTHERS,4
2014,10,42,23,284,MIDNIGHT,SEX ABUSE,OTHERS,7
2014,10,42,23,285,MIDNIGHT,SEX ABUSE,OTHERS,3
2014,10,42,21,286,EVENING,SEX ABUSE,GUN,7
2014,10,42,5,287,MIDNIGHT,SEX ABUSE,OTHERS,4
2014,10,42,11,288,DAY,SEX ABUSE,OTHERS,7
2014,10,42,2,289,MIDNIGHT,SEX ABUSE,OTHERS,4
2014,10,42,15,289,DAY,SEX ABUSE,OTHERS,2
2014,10,42,8,290,DAY,SEX ABUSE,OTHERS,5
2014,10,43,3,291,MIDNIGHT,SEX ABUSE,OTHERS,2
2014,10,43,3,291,MIDNIGHT,SEX ABUSE,OTHERS,2
2014,10,43,8,291,DAY,SEX ABUSE,OTHERS,2
2014,10,43,8,291,DAY,SEX ABUSE,OTHERS,2
2014,10,43,0,292,MIDNIGHT,HOMICIDE,GUN,4
2014,10,43,20,292,EVENING,SEX ABUSE,KNIFE,3
2014,10,43,2,293,MIDNIGHT,SEX ABUSE,OTHERS,7
2014,10,43,2,293,MIDNIGHT,SEX ABUSE,OTHERS,6
2014,10,43,1,295,MIDNIGHT,SEX ABUSE,OTHERS,5
2014,10,43,6,296,MIDNIGHT,SEX ABUSE,GUN,6
2014,10,43,20,296,EVENING,SEX ABUSE,KNIFE,6
2014,10,43,0,297,MIDNIGHT,HOMICIDE,GUN,5
2014,10,43,0,297,MIDNIGHT,SEX ABUSE,OTHERS,4
2014,10,44,6,298,MIDNIGHT,SEX ABUSE,GUN,5
2014,10,44,7,298,MIDNIGHT,SEX ABUSE,OTHERS,5
2014,10,44,22,298,EVENING,SEX ABUSE,KNIFE,1
2014,10,44,22,298,EVENING,SEX ABUSE,OTHERS,1
2014,10,44,17,300,EVENING,SEX ABUSE,OTHERS,7
2014,10,44,0,302,MIDNIGHT,HOMICIDE,KNIFE,4
2014,10,44,0,303,MIDNIGHT,HOMICIDE,OTHERS,7
2014,11,45,0,307,MIDNIGHT,HOMICIDE,GUN,7
2014,11,45,10,307,DAY,SEX ABUSE,OTHERS,7
2014,11,45,20,307,EVENING,SEX ABUSE,OTHERS,4
2014,11,45,9,310,DAY,SEX ABUSE,OTHERS,5
2014,11,45,18,310,EVENING,SEX ABUSE,OTHERS,7
2014,11,45,20,310,EVENING,SEX ABUSE,GUN,6
2014,11,46,11,313,DAY,SEX ABUSE,OTHERS,7
2014,11,46,2,314,MIDNIGHT,SEX ABUSE,OTHERS,4
2014,11,46,11,314,DAY,SEX ABUSE,KNIFE,1
2014,11,46,15,314,DAY,SEX ABUSE,GUN,6
2014,11,46,21,314,EVENING,SEX ABUSE,OTHERS,7
2014,11,46,9,315,DAY,SEX ABUSE,OTHERS,5
2014,11,46,14,315,DAY,SEX ABUSE,KNIFE,7
2014,11,46,0,317,MIDNIGHT,HOMICIDE,GUN,6
2014,11,47,0,320,MIDNIGHT,HOMICIDE,KNIFE,6
2014,11,47,4,320,MIDNIGHT,SEX ABUSE,OTHERS,1
2014,11,47,0,325,MIDNIGHT,SEX ABUSE,OTHERS,2
2014,11,47,20,325,EVENING,SEX ABUSE,OTHERS,5
2014,11,48,2,328,MIDNIGHT,SEX ABUSE,OTHERS,2
2014,11,48,21,328,EVENING,SEX ABUSE,OTHERS,7
2014,11,48,3,330,MIDNIGHT,SEX ABUSE,GUN,6
2014,11,48,7,331,MIDNIGHT,SEX ABUSE,OTHERS,3
2014,11,48,0,332,MIDNIGHT,HOMICIDE,KNIFE,5
2014,11,49,0,333,MIDNIGHT,HOMICIDE,GUN,5
2014,12,49,0,334,MIDNIGHT,HOMICIDE,GUN,7
2014,12,49,20,334,EVENING,SEX ABUSE,OTHERS,6
2014,12,49,2,336,MIDNIGHT,SEX ABUSE,OTHERS,6
2014,12,49,0,337,MIDNIGHT,HOMICIDE,GUN,6
2014,12,49,2,337,MIDNIGHT,SEX ABUSE,OTHERS,2
2014,12,50,22,341,EVENING,SEX ABUSE,OTHERS,1
2014,12,50,23,341,MIDNIGHT,SEX ABUSE,GUN,4
2014,12,50,0,342,MIDNIGHT,HOMICIDE,KNIFE,7
2014,12,50,1,343,MIDNIGHT,SEX ABUSE,OTHERS,4
2014,12,50,2,343,MIDNIGHT,SEX ABUSE,OTHERS,1
2014,12,50,15,343,EVENING,SEX ABUSE,KNIFE,5
2014,12,50,12,344,DAY,SEX ABUSE,OTHERS,7
2014,12,51,2,348,MIDNIGHT,SEX ABUSE,OTHERS,5
2014,12,51,7,348,DAY,SEX ABUSE,OTHERS,5
2014,12,51,10,348,DAY,SEX ABUSE,OTHERS,6
2014,12,51,6,349,MIDNIGHT,SEX ABUSE,OTHERS,6
2014,12,51,14,350,DAY,SEX ABUSE,KNIFE,7
2014,12,51,11,353,DAY,SEX ABUSE,OTHERS,5
2014,12,52,0,357,MIDNIGHT,HOMICIDE,GUN,3
2014,12,52,0,357,MIDNIGHT,HOMICIDE,GUN,4
2014,12,52,0,357,MIDNIGHT,HOMICIDE,GUN,5
2014,12,52,0,358,MIDNIGHT,HOMICIDE,GUN,7
2014,12,52,0,358,MIDNIGHT,HOMICIDE,GUN,4
2014,12,52,13,359,DAY,SEX ABUSE,OTHERS,7
2014,12,52,23,359,MIDNIGHT,SEX ABUSE,OTHERS,6
2014,12,53,0,361,MIDNIGHT,HOMICIDE,GUN,7
2014,12,53,0,361,MIDNIGHT,HOMICIDE,GUN,7
2014,12,53,4,362,MIDNIGHT,SEX ABUSE,GUN,7
2014,12,53,6,362,MIDNIGHT,SEX ABUSE,OTHERS,4
2014,12,53,0,363,MIDNIGHT,HOMICIDE,GUN,6
2014,12,53,19,363,EVENING,SEX ABUSE,OTHERS,2
2014,12,53,3,364,MIDNIGHT,SEX ABUSE,OTHERS,3
2015,1,1,0,1,MIDNIGHT,SEX ABUSE,OTHERS,2
2015,1,1,0,1,MIDNIGHT,SEX ABUSE,OTHERS,6
2015,1,1,0,2,MIDNIGHT,HOMICIDE,GUN,7
2015,1,2,1,5,MIDNIGHT,SEX ABUSE,OTHERS,1
2015,1,2,0,7,MIDNIGHT,HOMICIDE,KNIFE,5
2015,1,2,0,9,MIDNIGHT,HOMICIDE,GUN,4
2015,1,3,0,10,MIDNIGHT,HOMICIDE,GUN,5
2015,1,3,0,10,MIDNIGHT,HOMICIDE,GUN,1
2015,1,3,0,13,MIDNIGHT,HOMICIDE,GUN,7
2015,1,3,19,13,EVENING,SEX ABUSE,OTHERS,7
2015,1,3,20,13,EVENING,SEX ABUSE,OTHERS,6
2015,1,4,0,18,MIDNIGHT,HOMICIDE,GUN,7
2015,1,4,4,18,MIDNIGHT,SEX ABUSE,OTHERS,7
2015,1,4,12,19,DAY,SEX ABUSE,OTHERS,2
2015,1,4,19,20,EVENING,SEX ABUSE,OTHERS,2
2015,1,4,21,21,EVENING,SEX ABUSE,GUN,6
2015,1,5,0,24,MIDNIGHT,HOMICIDE,GUN,3
2015,1,5,0,24,MIDNIGHT,SEX ABUSE,OTHERS,2
2015,1,5,1,24,MIDNIGHT,SEX ABUSE,OTHERS,3
2015,1,5,4,27,MIDNIGHT,SEX ABUSE,OTHERS,1
2015,2,6,21,33,EVENING,SEX ABUSE,OTHERS,7
2015,2,6,0,34,MIDNIGHT,HOMICIDE,KNIFE,7
2015,2,6,0,34,MIDNIGHT,HOMICIDE,GUN,6
2015,2,6,13,36,DAY,SEX ABUSE,OTHERS,2
2015,2,7,4,38,MIDNIGHT,SEX ABUSE,KNIFE,7
2015,2,7,0,40,MIDNIGHT,HOMICIDE,KNIFE,3
2015,2,7,8,43,DAY,SEX ABUSE,KNIFE,5
2015,2,7,8,44,DAY,SEX ABUSE,OTHERS,5
2015,2,8,0,46,MIDNIGHT,HOMICIDE,GUN,6
2015,2,8,17,46,EVENING,SEX ABUSE,OTHERS,7
2015,2,8,20,46,EVENING,SEX ABUSE,OTHERS,1
2015,2,8,0,47,MIDNIGHT,HOMICIDE,OTHERS,7
2015,2,8,13,47,DAY,SEX ABUSE,OTHERS,2
2015,2,8,1,48,MIDNIGHT,SEX ABUSE,OTHERS,7
2015,2,8,3,51,MIDNIGHT,SEX ABUSE,OTHERS,6
2015,2,9,4,52,MIDNIGHT,SEX ABUSE,KNIFE,3
2015,2,9,11,52,DAY,SEX ABUSE,OTHERS,2
2015,2,9,0,53,MIDNIGHT,HOMICIDE,GUN,5
2015,2,9,0,53,MIDNIGHT,HOMICIDE,GUN,4
2015,2,9,0,54,MIDNIGHT,HOMICIDE,GUN,6
2015,2,9,12,55,DAY,SEX ABUSE,OTHERS,4
2015,2,9,3,56,MIDNIGHT,SEX ABUSE,OTHERS,4
2015,2,9,12,56,DAY,SEX ABUSE,OTHERS,6
2015,2,9,23,57,MIDNIGHT,SEX ABUSE,OTHERS,2
2015,2,9,14,58,DAY,SEX ABUSE,OTHERS,4
2015,2,9,15,58,EVENING,SEX ABUSE,OTHERS,6
2015,2,9,18,58,EVENING,SEX ABUSE,OTHERS,3
2015,2,9,20,58,EVENING,SEX ABUSE,OTHERS,4
2015,3,10,5,59,MIDNIGHT,SEX ABUSE,OTHERS,7
2015,3,10,0,63,MIDNIGHT,HOMICIDE,GUN,7
2015,3,10,20,64,EVENING,SEX ABUSE,GUN,1
2015,3,10,23,64,MIDNIGHT,SEX ABUSE,KNIFE,7
2015,3,10,0,65,MIDNIGHT,HOMICIDE,GUN,4
2015,3,10,7,65,DAY,SEX ABUSE,GUN,5
2015,3,11,0,66,MIDNIGHT,HOMICIDE,KNIFE,3
2015,3,11,4,66,MIDNIGHT,SEX ABUSE,OTHERS,3
2015,3,11,17,66,EVENING,SEX ABUSE,OTHERS,3
2015,3,11,0,70,MIDNIGHT,HOMICIDE,GUN,4
2015,3,11,14,71,DAY,SEX ABUSE,OTHERS,2
2015,3,11,0,72,MIDNIGHT,HOMICIDE,GUN,7
2015,3,11,16,72,EVENING,SEX ABUSE,OTHERS,1
2015,3,12,0,73,MIDNIGHT,HOMICIDE,GUN,7
2015,3,12,4,73,MIDNIGHT,SEX ABUSE,OTHERS,4
2015,3,12,22,73,EVENING,SEX ABUSE,OTHERS,1
2015,3,12,0,74,MIDNIGHT,SEX ABUSE,OTHERS,6
2015,3,12,0,77,MIDNIGHT,HOMICIDE,GUN,7
2015,3,12,0,78,MIDNIGHT,HOMICIDE,KNIFE,7
2015,3,12,10,79,DAY,SEX ABUSE,OTHERS,5
2015,3,13,0,80,MIDNIGHT,HOMICIDE,KNIFE,5
2015,3,13,23,80,MIDNIGHT,SEX ABUSE,OTHERS,4
2015,3,13,3,82,MIDNIGHT,SEX ABUSE,OTHERS,4
2015,3,13,6,82,MIDNIGHT,SEX ABUSE,GUN,6
2015,3,13,0,84,MIDNIGHT,SEX ABUSE,OTHERS,5
2015,3,13,15,85,EVENING,SEX ABUSE,OTHERS,7
2015,3,14,5,87,MIDNIGHT,SEX ABUSE,OTHERS,7
2015,3,14,23,87,MIDNIGHT,SEX ABUSE,OTHERS,7
2015,3,14,0,88,MIDNIGHT,HOMICIDE,GUN,4
2015,3,14,3,88,MIDNIGHT,SEX ABUSE,OTHERS,4
2015,4,14,11,92,DAY,SEX ABUSE,OTHERS,5
2015,4,14,19,93,EVENING,SEX ABUSE,OTHERS,3
2015,4,15,3,94,MIDNIGHT,SEX ABUSE,OTHERS,4
2015,4,15,0,95,MIDNIGHT,HOMICIDE,GUN,7
2015,4,15,0,95,MIDNIGHT,HOMICIDE,GUN,6
2015,4,15,14,95,DAY,SEX ABUSE,OTHERS,4
2015,4,15,0,96,MIDNIGHT,HOMICIDE,GUN,7
2015,4,15,6,96,MIDNIGHT,SEX ABUSE,OTHERS,3
2015,4,15,16,97,EVENING,SEX ABUSE,OTHERS,6
2015,4,16,10,102,DAY,SEX ABUSE,OTHERS,6
2015,4,16,17,102,EVENING,SEX ABUSE,OTHERS,1
2015,4,16,22,102,EVENING,SEX ABUSE,OTHERS,6
2015,4,16,20,103,EVENING,SEX ABUSE,OTHERS,4
2015,4,16,10,105,DAY,SEX ABUSE,KNIFE,1
2015,4,16,21,105,EVENING,SEX ABUSE,OTHERS,4
2015,4,16,0,107,MIDNIGHT,HOMICIDE,KNIFE,7
2015,4,17,0,108,MIDNIGHT,HOMICIDE,GUN,7
2015,4,17,7,108,DAY,SEX ABUSE,OTHERS,4
2015,4,17,18,108,EVENING,SEX ABUSE,OTHERS,1
2015,4,17,1,109,MIDNIGHT,SEX ABUSE,OTHERS,6
2015,4,17,7,110,DAY,SEX ABUSE,KNIFE,5
2015,4,17,8,110,DAY,SEX ABUSE,OTHERS,3
2015,4,17,15,110,EVENING,SEX ABUSE,OTHERS,3
2015,4,17,23,110,MIDNIGHT,SEX ABUSE,OTHERS,4
2015,4,17,0,112,MIDNIGHT,HOMICIDE,GUN,6
2015,4,17,0,113,MIDNIGHT,SEX ABUSE,OTHERS,1
2015,4,18,0,115,MIDNIGHT,HOMICIDE,GUN,4
2015,4,18,21,115,EVENING,SEX ABUSE,OTHERS,4
2015,4,18,0,116,MIDNIGHT,HOMICIDE,OTHERS,7
2015,4,18,15,117,EVENING,SEX ABUSE,KNIFE,1
2015,5,18,0,120,MIDNIGHT,HOMICIDE,GUN,3
2015,5,18,14,120,DAY,SEX ABUSE,OTHERS,1
2015,5,18,0,121,MIDNIGHT,HOMICIDE,GUN,4
2015,5,18,1,121,MIDNIGHT,SEX ABUSE,OTHERS,2
2015,5,18,4,121,MIDNIGHT,SEX ABUSE,OTHERS,6
2015,5,19,4,122,MIDNIGHT,SEX ABUSE,OTHERS,3
2015,5,19,0,123,MIDNIGHT,HOMICIDE,GUN,6
2015,5,19,11,123,DAY,SEX ABUSE,OTHERS,4
2015,5,19,19,123,EVENING,SEX ABUSE,OTHERS,4
2015,5,19,9,124,DAY,SEX ABUSE,OTHERS,6
2015,5,19,1,125,MIDNIGHT,SEX ABUSE,OTHERS,5
2015,5,19,15,126,EVENING,SEX ABUSE,OTHERS,4
2015,5,19,20,126,EVENING,SEX ABUSE,OTHERS,7
2015,5,19,22,126,EVENING,SEX ABUSE,OTHERS,6
2015,5,19,4,127,MIDNIGHT,SEX ABUSE,OTHERS,7
2015,5,19,12,127,DAY,SEX ABUSE,OTHERS,6
2015,5,19,15,127,EVENING,SEX ABUSE,OTHERS,7
2015,5,20,0,129,MIDNIGHT,HOMICIDE,GUN,5
2015,5,20,5,129,MIDNIGHT,SEX ABUSE,OTHERS,1
2015,5,20,20,129,EVENING,SEX ABUSE,OTHERS,7
2015,5,20,19,130,EVENING,SEX ABUSE,OTHERS,6
2015,5,20,0,132,MIDNIGHT,HOMICIDE,GUN,7
2015,5,20,0,132,MIDNIGHT,HOMICIDE,KNIFE,7
2015,5,20,0,132,MIDNIGHT,SEX ABUSE,KNIFE,1
2015,5,20,21,132,EVENING,SEX ABUSE,OTHERS,5
2015,5,20,0,133,MIDNIGHT,HOMICIDE,OTHERS,2
2015,5,20,0,133,MIDNIGHT,HOMICIDE,KNIFE,2
2015,5,20,0,133,MIDNIGHT,HOMICIDE,KNIFE,2
2015,5,20,0,133,MIDNIGHT,HOMICIDE,KNIFE,2
2015,5,20,2,133,MIDNIGHT,SEX ABUSE,OTHERS,4
2015,5,20,15,134,EVENING,SEX ABUSE,KNIFE,7
2015,5,21,18,137,EVENING,SEX ABUSE,OTHERS,1
2015,5,21,15,138,EVENING,SEX ABUSE,OTHERS,6
2015,5,21,6,140,MIDNIGHT,SEX ABUSE,KNIFE,2
2015,5,21,14,140,DAY,SEX ABUSE,OTHERS,4
2015,5,21,0,141,MIDNIGHT,HOMICIDE,KNIFE,5
2015,5,21,14,141,DAY,SEX ABUSE,OTHERS,4
2015,5,21,18,141,EVENING,SEX ABUSE,OTHERS,4
2015,5,21,22,141,EVENING,SEX ABUSE,OTHERS,4
2015,5,21,0,142,MIDNIGHT,HOMICIDE,GUN,7
2015,5,22,0,143,MIDNIGHT,HOMICIDE,GUN,6
2015,5,22,6,143,MIDNIGHT,SEX ABUSE,KNIFE,3
2015,5,22,19,143,EVENING,SEX ABUSE,OTHERS,2
2015,5,22,0,144,MIDNIGHT,HOMICIDE,GUN,3
2015,5,22,1,144,MIDNIGHT,SEX ABUSE,OTHERS,5
2015,5,22,3,144,MIDNIGHT,SEX ABUSE,OTHERS,2
2015,5,22,8,145,DAY,SEX ABUSE,OTHERS,1
2015,5,22,0,146,MIDNIGHT,HOMICIDE,GUN,7
2015,5,22,0,147,MIDNIGHT,HOMICIDE,GUN,7
2015,5,22,4,148,MIDNIGHT,SEX ABUSE,OTHERS,6
2015,5,22,6,149,MIDNIGHT,SEX ABUSE,OTHERS,6
2015,6,23,2,152,MIDNIGHT,SEX ABUSE,OTHERS,4
2015,6,23,6,152,MIDNIGHT,SEX ABUSE,GUN,3
2015,6,23,21,155,EVENING,SEX ABUSE,OTHERS,7
2015,6,23,0,156,MIDNIGHT,SEX ABUSE,OTHERS,7
2015,6,23,18,156,EVENING,SEX ABUSE,OTHERS,6
2015,6,24,0,157,MIDNIGHT,HOMICIDE,KNIFE,3
2015,6,24,0,158,MIDNIGHT,HOMICIDE,GUN,6
2015,6,24,21,158,EVENING,SEX ABUSE,OTHERS,3
2015,6,24,0,161,MIDNIGHT,HOMICIDE,OTHERS,5
2015,6,24,13,162,DAY,SEX ABUSE,OTHERS,4
2015,6,24,0,163,MIDNIGHT,HOMICIDE,KNIFE,7
2015,6,24,0,163,MIDNIGHT,HOMICIDE,GUN,5
2015,6,25,0,164,MIDNIGHT,HOMICIDE,GUN,6
2015,6,25,0,167,MIDNIGHT,HOMICIDE,GUN,5
2015,6,25,0,167,MIDNIGHT,HOMICIDE,GUN,6
2015,6,25,14,167,DAY,SEX ABUSE,OTHERS,2
2015,6,25,0,168,MIDNIGHT,HOMICIDE,GUN,6
2015,6,25,12,168,DAY,SEX ABUSE,OTHERS,7
2015,6,25,21,168,EVENING,SEX ABUSE,OTHERS,6
2015,6,25,0,169,MIDNIGHT,HOMICIDE,OTHERS,2
2015,6,25,0,169,MIDNIGHT,HOMICIDE,GUN,3
2015,6,25,18,170,EVENING,SEX ABUSE,OTHERS,3
2015,6,26,0,171,MIDNIGHT,HOMICIDE,GUN,5
2015,6,26,0,172,MIDNIGHT,HOMICIDE,GUN,7
2015,6,26,4,172,MIDNIGHT,SEX ABUSE,OTHERS,6
2015,6,26,5,173,MIDNIGHT,SEX ABUSE,OTHERS,7
2015,6,26,17,173,EVENING,SEX ABUSE,OTHERS,1
2015,6,26,0,174,MIDNIGHT,HOMICIDE,GUN,5
2015,6,26,0,175,MIDNIGHT,HOMICIDE,GUN,7
2015,6,26,4,175,MIDNIGHT,SEX ABUSE,GUN,5
2015,6,26,4,175,MIDNIGHT,SEX ABUSE,GUN,5
2015,6,26,4,175,MIDNIGHT,SEX ABUSE,GUN,5
2015,6,26,4,175,MIDNIGHT,SEX ABUSE,GUN,5
2015,6,26,13,175,DAY,SEX ABUSE,OTHERS,2
2015,6,26,20,176,EVENING,SEX ABUSE,OTHERS,3
2015,6,26,0,177,MIDNIGHT,HOMICIDE,GUN,5
2015,6,26,16,177,EVENING,SEX ABUSE,OTHERS,4
2015,6,26,19,177,EVENING,SEX ABUSE,OTHERS,7
2015,6,27,0,178,MIDNIGHT,HOMICIDE,GUN,7
2015,6,27,0,178,MIDNIGHT,HOMICIDE,GUN,5
2015,6,27,14,178,DAY,SEX ABUSE,OTHERS,7
2015,6,27,15,179,EVENING,SEX ABUSE,OTHERS,3
2015,6,27,19,179,EVENING,SEX ABUSE,OTHERS,1
2015,7,27,18,181,EVENING,SEX ABUSE,GUN,3
2015,7,27,12,182,DAY,SEX ABUSE,OTHERS,4
2015,7,27,20,183,EVENING,SEX ABUSE,OTHERS,6
2015,7,27,0,184,MIDNIGHT,HOMICIDE,KNIFE,5
2015,7,28,0,185,MIDNIGHT,HOMICIDE,GUN,7
2015,7,28,0,185,MIDNIGHT,HOMICIDE,GUN,7
2015,7,28,0,186,MIDNIGHT,HOMICIDE,OTHERS,5
2015,7,28,3,186,MIDNIGHT,SEX ABUSE,OTHERS,4
2015,7,28,0,188,MIDNIGHT,HOMICIDE,GUN,6
2015,7,28,1,190,MIDNIGHT,SEX ABUSE,OTHERS,2
2015,7,29,0,192,MIDNIGHT,HOMICIDE,GUN,1
2015,7,29,2,192,MIDNIGHT,SEX ABUSE,OTHERS,3
2015,7,29,17,193,EVENING,SEX ABUSE,OTHERS,7
2015,7,29,20,193,EVENING,SEX ABUSE,OTHERS,2
2015,7,29,17,194,EVENING,SEX ABUSE,OTHERS,2
2015,7,29,0,198,MIDNIGHT,HOMICIDE,GUN,7
2015,7,29,0,198,MIDNIGHT,HOMICIDE,GUN,3
2015,7,29,0,198,MIDNIGHT,HOMICIDE,GUN,5
2015,7,29,3,198,MIDNIGHT,SEX ABUSE,OTHERS,5
2015,7,29,12,198,DAY,SEX ABUSE,OTHERS,3
2015,7,30,7,200,DAY,SEX ABUSE,OTHERS,5
2015,7,30,15,200,EVENING,SEX ABUSE,OTHERS,4
2015,7,30,20,200,EVENING,SEX ABUSE,OTHERS,1
2015,7,30,23,201,EVENING,SEX ABUSE,KNIFE,5
2015,7,30,6,202,MIDNIGHT,SEX ABUSE,OTHERS,6
2015,7,30,0,203,MIDNIGHT,HOMICIDE,GUN,7
2015,7,30,13,203,DAY,SEX ABUSE,OTHERS,4
2015,7,30,0,204,MIDNIGHT,HOMICIDE,GUN,7
2015,7,30,22,204,EVENING,SEX ABUSE,OTHERS,5
2015,7,30,8,205,DAY,SEX ABUSE,OTHERS,5
2015,7,31,0,207,MIDNIGHT,HOMICIDE,KNIFE,1
2015,7,31,16,207,EVENING,SEX ABUSE,OTHERS,2
2015,7,31,0,208,MIDNIGHT,HOMICIDE,GUN,7
2015,7,31,0,208,MIDNIGHT,SEX ABUSE,OTHERS,2
2015,7,31,0,208,MIDNIGHT,HOMICIDE,GUN,1
2015,7,31,23,208,MIDNIGHT,SEX ABUSE,KNIFE,4
2015,7,31,13,209,DAY,SEX ABUSE,OTHERS,3
2015,7,31,0,210,MIDNIGHT,HOMICIDE,GUN,3
2015,7,31,0,210,MIDNIGHT,HOMICIDE,KNIFE,3
2015,7,31,13,210,DAY,SEX ABUSE,OTHERS,7
2015,7,31,14,211,DAY,SEX ABUSE,OTHERS,2
2015,8,31,0,212,MIDNIGHT,HOMICIDE,GUN,7
2015,8,31,0,212,MIDNIGHT,HOMICIDE,GUN,6
2015,8,31,4,212,MIDNIGHT,SEX ABUSE,GUN,4
2015,8,32,0,213,MIDNIGHT,HOMICIDE,GUN,5
2015,8,32,5,213,MIDNIGHT,SEX ABUSE,OTHERS,7
2015,8,32,19,213,EVENING,SEX ABUSE,OTHERS,7
2015,8,32,21,213,EVENING,SEX ABUSE,OTHERS,6
2015,8,32,6,215,MIDNIGHT,SEX ABUSE,OTHERS,1
2015,8,32,5,216,MIDNIGHT,SEX ABUSE,OTHERS,6
2015,8,32,5,216,MIDNIGHT,SEX ABUSE,OTHERS,4
2015,8,32,20,216,EVENING,SEX ABUSE,OTHERS,6
2015,8,32,0,218,MIDNIGHT,HOMICIDE,GUN,7
2015,8,32,10,218,DAY,SEX ABUSE,OTHERS,1
2015,8,32,0,219,MIDNIGHT,SEX ABUSE,OTHERS,5
2015,8,32,11,219,DAY,SEX ABUSE,OTHERS,6
2015,8,33,0,221,MIDNIGHT,HOMICIDE,GUN,7
2015,8,33,0,221,MIDNIGHT,HOMICIDE,KNIFE,1
2015,8,33,5,221,MIDNIGHT,SEX ABUSE,OTHERS,3
2015,8,33,12,221,DAY,SEX ABUSE,KNIFE,4
2015,8,33,0,222,MIDNIGHT,HOMICIDE,GUN,7
2015,8,33,1,222,MIDNIGHT,SEX ABUSE,OTHERS,2
2015,8,33,18,224,EVENING,SEX ABUSE,OTHERS,7
2015,8,33,0,225,MIDNIGHT,HOMICIDE,OTHERS,4
2015,8,33,0,225,MIDNIGHT,SEX ABUSE,KNIFE,5
2015,8,33,20,225,EVENING,SEX ABUSE,OTHERS,4
2015,8,33,0,226,MIDNIGHT,HOMICIDE,GUN,3
2015,8,33,0,226,MIDNIGHT,HOMICIDE,GUN,5
2015,8,33,14,226,DAY,SEX ABUSE,OTHERS,7
2015,8,34,11,227,DAY,SEX ABUSE,OTHERS,4
2015,8,34,12,227,DAY,SEX ABUSE,GUN,4
2015,8,34,0,229,MIDNIGHT,HOMICIDE,GUN,7
2015,8,34,0,229,MIDNIGHT,HOMICIDE,GUN,6
2015,8,34,12,229,DAY,SEX ABUSE,OTHERS,5
2015,8,34,22,229,EVENING,SEX ABUSE,OTHERS,3
2015,8,34,0,230,MIDNIGHT,HOMICIDE,GUN,5
2015,8,34,0,231,MIDNIGHT,HOMICIDE,GUN,7
2015,8,34,18,231,EVENING,SEX ABUSE,OTHERS,7
2015,8,34,0,232,MIDNIGHT,HOMICIDE,GUN,5
2015,8,34,4,232,MIDNIGHT,SEX ABUSE,OTHERS,4
2015,8,34,5,232,MIDNIGHT,SEX ABUSE,OTHERS,4
2015,8,34,19,232,EVENING,SEX ABUSE,OTHERS,5
2015,8,34,0,233,MIDNIGHT,HOMICIDE,GUN,7
2015,8,34,0,233,MIDNIGHT,HOMICIDE,GUN,6
2015,8,35,0,234,MIDNIGHT,HOMICIDE,OTHERS,3
2015,8,35,0,234,MIDNIGHT,HOMICIDE,OTHERS,6
2015,8,35,7,235,DAY,SEX ABUSE,OTHERS,4
2015,8,35,8,237,DAY,SEX ABUSE,OTHERS,3
2015,8,35,0,239,MIDNIGHT,HOMICIDE,GUN,6
2015,8,35,0,240,MIDNIGHT,HOMICIDE,GUN,6
2015,8,35,7,240,DAY,SEX ABUSE,KNIFE,5
2015,8,36,8,241,DAY,SEX ABUSE,OTHERS,1
2015,9,36,8,244,DAY,SEX ABUSE,OTHERS,5
2015,9,36,12,244,DAY,SEX ABUSE,OTHERS,7
2015,9,36,3,245,MIDNIGHT,SEX ABUSE,OTHERS,6
2015,9,36,16,245,EVENING,SEX ABUSE,OTHERS,7
2015,9,36,18,245,EVENING,SEX ABUSE,OTHERS,7
2015,9,36,20,245,EVENING,SEX ABUSE,OTHERS,5
2015,9,36,0,246,MIDNIGHT,SEX ABUSE,OTHERS,7
2015,9,36,2,246,MIDNIGHT,SEX ABUSE,OTHERS,6
2015,9,36,7,246,DAY,SEX ABUSE,OTHERS,7
2015,9,36,18,246,EVENING,SEX ABUSE,OTHERS,2
2015,9,36,22,246,EVENING,SEX ABUSE,OTHERS,4
2015,9,36,0,247,MIDNIGHT,HOMICIDE,GUN,5
2015,9,36,18,247,EVENING,SEX ABUSE,OTHERS,4
2015,9,36,19,247,EVENING,SEX ABUSE,OTHERS,1
2015,9,37,0,248,MIDNIGHT,HOMICIDE,GUN,7
2015,9,37,0,248,MIDNIGHT,HOMICIDE,GUN,4
2015,9,37,0,249,MIDNIGHT,HOMICIDE,GUN,7
2015,9,37,0,249,MIDNIGHT,SEX ABUSE,OTHERS,3
2015,9,37,1,251,MIDNIGHT,SEX ABUSE,OTHERS,7
2015,9,37,0,252,MIDNIGHT,HOMICIDE,OTHERS,5
2015,9,37,18,252,EVENING,SEX ABUSE,OTHERS,1
2015,9,37,11,254,DAY,SEX ABUSE,OTHERS,2
2015,9,38,11,255,DAY,SEX ABUSE,OTHERS,4
2015,9,38,0,256,MIDNIGHT,HOMICIDE,OTHERS,3
2015,9,38,11,256,DAY,SEX ABUSE,GUN,6
2015,9,38,0,258,MIDNIGHT,HOMICIDE,GUN,6
2015,9,38,2,258,MIDNIGHT,SEX ABUSE,OTHERS,7
2015,9,38,20,258,EVENING,SEX ABUSE,OTHERS,7
2015,9,38,0,259,MIDNIGHT,HOMICIDE,KNIFE,6
2015,9,38,22,259,EVENING,SEX ABUSE,OTHERS,6
2015,9,38,13,260,DAY,SEX ABUSE,OTHERS,7
2015,9,38,18,260,EVENING,SEX ABUSE,OTHERS,5
2015,9,38,0,261,MIDNIGHT,HOMICIDE,GUN,7
2015,9,38,0,261,MIDNIGHT,HOMICIDE,GUN,7
2015,9,38,0,261,MIDNIGHT,HOMICIDE,GUN,4
2015,9,39,2,263,MIDNIGHT,SEX ABUSE,OTHERS,1
2015,9,39,0,264,MIDNIGHT,HOMICIDE,GUN,3
2015,9,39,15,264,EVENING,SEX ABUSE,OTHERS,7
2015,9,40,0,269,MIDNIGHT,HOMICIDE,GUN,7
2015,9,40,23,270,MIDNIGHT,SEX ABUSE,KNIFE,3
2015,9,40,0,271,MIDNIGHT,HOMICIDE,GUN,7
2015,10,40,8,274,DAY,SEX ABUSE,OTHERS,3
2015,10,41,0,278,MIDNIGHT,HOMICIDE,GUN,6
2015,10,41,14,278,DAY,SEX ABUSE,OTHERS,3
2015,10,41,8,279,DAY,SEX ABUSE,OTHERS,5
2015,10,41,13,279,DAY,SEX ABUSE,OTHERS,2
2015,10,41,11,280,DAY,SEX ABUSE,OTHERS,7
2015,10,41,18,280,EVENING,SEX ABUSE,OTHERS,3
2015,10,41,6,281,MIDNIGHT,SEX ABUSE,OTHERS,1
2015,10,42,0,285,MIDNIGHT,HOMICIDE,OTHERS,7
2015,10,42,15,285,EVENING,SEX ABUSE,OTHERS,4
2015,10,42,6,286,MIDNIGHT,SEX ABUSE,OTHERS,1
2015,10,42,0,287,MIDNIGHT,HOMICIDE,GUN,7
2015,10,42,20,287,EVENING,SEX ABUSE,OTHERS,1
2015,10,42,0,288,MIDNIGHT,HOMICIDE,KNIFE,1
2015,10,43,17,290,EVENING,SEX ABUSE,OTHERS,1
2015,10,43,0,291,MIDNIGHT,HOMICIDE,GUN,5
2015,10,43,21,291,EVENING,SEX ABUSE,OTHERS,5
2015,10,43,0,292,MIDNIGHT,HOMICIDE,GUN,3
2015,10,43,0,293,MIDNIGHT,HOMICIDE,GUN,6
2015,10,43,0,294,MIDNIGHT,HOMICIDE,KNIFE,5
2015,10,43,0,294,MIDNIGHT,HOMICIDE,KNIFE,5
2015,10,43,8,295,DAY,SEX ABUSE,GUN,7
2015,10,43,14,296,DAY,SEX ABUSE,KNIFE,1
2015,10,44,1,298,MIDNIGHT,SEX ABUSE,OTHERS,7
2015,10,44,6,299,MIDNIGHT,SEX ABUSE,KNIFE,4
2015,10,44,8,299,DAY,SEX ABUSE,OTHERS,5
2015,10,44,19,299,EVENING,SEX ABUSE,OTHERS,7
2015,10,44,0,300,MIDNIGHT,HOMICIDE,GUN,6
2015,10,44,21,300,EVENING,SEX ABUSE,OTHERS,2
2015,10,44,0,301,MIDNIGHT,HOMICIDE,GUN,6
2015,10,44,0,302,MIDNIGHT,HOMICIDE,GUN,7
2015,10,44,10,302,DAY,SEX ABUSE,OTHERS,3
2015,10,44,21,302,EVENING,SEX ABUSE,OTHERS,5
2015,10,44,0,303,MIDNIGHT,HOMICIDE,GUN,7
2015,10,44,0,303,MIDNIGHT,HOMICIDE,OTHERS,5
2015,10,44,21,303,EVENING,SEX ABUSE,OTHERS,1
2015,11,45,0,304,MIDNIGHT,HOMICIDE,GUN,7
2015,11,45,0,305,MIDNIGHT,HOMICIDE,OTHERS,1
2015,11,45,0,306,MIDNIGHT,HOMICIDE,GUN,6
2015,11,45,0,309,MIDNIGHT,HOMICIDE,GUN,1
2015,11,45,0,310,MIDNIGHT,HOMICIDE,GUN,3
2015,11,45,0,310,MIDNIGHT,HOMICIDE,GUN,6
2015,11,45,15,310,EVENING,SEX ABUSE,OTHERS,4
2015,11,45,22,310,EVENING,SEX ABUSE,OTHERS,4
2015,11,46,0,312,MIDNIGHT,HOMICIDE,GUN,7
2015,11,46,8,312,DAY,SEX ABUSE,KNIFE,5
2015,11,46,0,314,MIDNIGHT,HOMICIDE,KNIFE,5
2015,11,46,23,314,MIDNIGHT,SEX ABUSE,OTHERS,3
2015,11,46,0,315,MIDNIGHT,HOMICIDE,GUN,6
2015,11,46,1,315,MIDNIGHT,SEX ABUSE,OTHERS,2
2015,11,46,3,315,MIDNIGHT,SEX ABUSE,OTHERS,5
2015,11,46,3,315,MIDNIGHT,SEX ABUSE,OTHERS,3
2015,11,46,0,316,MIDNIGHT,HOMICIDE,OTHERS,5
2015,11,46,19,316,EVENING,SEX ABUSE,OTHERS,3
2015,11,46,20,317,EVENING,SEX ABUSE,OTHERS,6
2015,11,47,0,318,MIDNIGHT,HOMICIDE,GUN,7
2015,11,47,11,318,DAY,SEX ABUSE,OTHERS,4
2015,11,47,0,319,MIDNIGHT,HOMICIDE,GUN,6
2015,11,47,21,319,EVENING,SEX ABUSE,OTHERS,2
2015,11,47,0,320,MIDNIGHT,HOMICIDE,GUN,5
2015,11,47,0,320,MIDNIGHT,SEX ABUSE,OTHERS,6
2015,11,47,18,321,EVENING,SEX ABUSE,OTHERS,3
2015,11,47,22,321,EVENING,SEX ABUSE,OTHERS,6
2015,11,47,0,322,MIDNIGHT,HOMICIDE,GUN,7
2015,11,47,0,322,MIDNIGHT,HOMICIDE,OTHERS,6
2015,11,47,0,322,MIDNIGHT,SEX ABUSE,OTHERS,3
2015,11,47,13,324,DAY,SEX ABUSE,OTHERS,4
2015,11,47,22,324,EVENING,SEX ABUSE,KNIFE,3
2015,11,47,22,324,EVENING,SEX ABUSE,OTHERS,5
2015,11,48,17,325,EVENING,SEX ABUSE,OTHERS,5
2015,11,48,23,325,MIDNIGHT,SEX ABUSE,OTHERS,1
2015,11,48,0,326,MIDNIGHT,HOMICIDE,GUN,6
2015,11,48,6,328,MIDNIGHT,SEX ABUSE,OTHERS,4
2015,11,48,7,328,DAY,SEX ABUSE,OTHERS,1
2015,11,48,7,330,DAY,SEX ABUSE,OTHERS,1
2015,11,48,18,330,EVENING,SEX ABUSE,OTHERS,2
2015,11,49,7,332,DAY,SEX ABUSE,OTHERS,5
2015,12,49,19,335,EVENING,SEX ABUSE,OTHERS,1
2015,12,49,0,337,MIDNIGHT,HOMICIDE,GUN,7
2015,12,49,0,337,MIDNIGHT,HOMICIDE,GUN,6
2015,12,49,0,337,MIDNIGHT,SEX ABUSE,OTHERS,5
2015,12,49,0,338,MIDNIGHT,HOMICIDE,GUN,1
2015,12,49,6,338,MIDNIGHT,SEX ABUSE,OTHERS,1
2015,12,50,23,340,MIDNIGHT,SEX ABUSE,OTHERS,6
2015,12,50,9,341,DAY,SEX ABUSE,OTHERS,7
2015,12,50,0,342,MIDNIGHT,HOMICIDE,GUN,6
2015,12,50,11,344,DAY,SEX ABUSE,OTHERS,2
2015,12,51,19,347,EVENING,SEX ABUSE,OTHERS,5
2015,12,51,17,348,EVENING,SEX ABUSE,OTHERS,6
2015,12,51,0,349,MIDNIGHT,HOMICIDE,GUN,7
2015,12,51,0,349,MIDNIGHT,HOMICIDE,GUN,6
2015,12,51,0,351,MIDNIGHT,HOMICIDE,GUN,5
2015,12,51,14,352,DAY,SEX ABUSE,OTHERS,5
2015,12,52,0,354,MIDNIGHT,HOMICIDE,KNIFE,4
2015,12,52,0,354,MIDNIGHT,HOMICIDE,OTHERS,5
2015,12,52,7,356,DAY,SEX ABUSE,OTHERS,3
2015,12,53,23,360,MIDNIGHT,SEX ABUSE,OTHERS,1
2015,12,53,0,361,MIDNIGHT,HOMICIDE,GUN,7
2015,12,53,0,361,MIDNIGHT,HOMICIDE,GUN,7
2015,12,53,14,361,DAY,SEX ABUSE,OTHERS,4
2015,12,53,21,361,EVENING,SEX ABUSE,OTHERS,5
2016,1,1,5,0,MIDNIGHT,SEX ABUSE,OTHERS,6
2016,1,1,8,0,DAY,SEX ABUSE,OTHERS,1
2016,1,1,10,0,DAY,SEX ABUSE,OTHERS,3
2016,1,1,12,0,DAY,SEX ABUSE,OTHERS,5
2016,1,1,19,0,EVENING,SEX ABUSE,OTHERS,6
2016,1,1,22,0,EVENING,SEX ABUSE,OTHERS,2
2016,1,2,20,2,EVENING,SEX ABUSE,OTHERS,2
2016,1,2,0,3,MIDNIGHT,SEX ABUSE,OTHERS,4
2016,1,2,3,4,MIDNIGHT,SEX ABUSE,OTHERS,5
2016,1,2,7,4,DAY,SEX ABUSE,GUN,7
2016,1,2,3,5,MIDNIGHT,SEX ABUSE,OTHERS,7
2016,1,2,3,6,MIDNIGHT,SEX ABUSE,OTHERS,7
2016,1,2,0,8,MIDNIGHT,HOMICIDE,GUN,7
2016,1,2,0,8,MIDNIGHT,HOMICIDE,GUN,6
2016,1,2,21,8,EVENING,SEX ABUSE,OTHERS,3
2016,1,3,0,9,MIDNIGHT,HOMICIDE,GUN,6
2016,1,3,13,9,DAY,SEX ABUSE,OTHERS,5
2016,1,3,9,11,DAY,SEX ABUSE,OTHERS,7
2016,1,3,20,11,EVENING,SEX ABUSE,OTHERS,6
2016,1,3,6,15,MIDNIGHT,SEX ABUSE,OTHERS,4
2016,1,4,0,16,MIDNIGHT,SEX ABUSE,OTHERS,5
2016,1,4,23,17,MIDNIGHT,SEX ABUSE,OTHERS,5
2016,1,4,0,19,MIDNIGHT,HOMICIDE,GUN,6
2016,1,4,22,19,EVENING,SEX ABUSE,OTHERS,6
2016,1,4,0,21,MIDNIGHT,HOMICIDE,GUN,3
2016,1,4,0,21,MIDNIGHT,SEX ABUSE,GUN,1
2016,1,4,0,22,MIDNIGHT,HOMICIDE,OTHERS,7
2016,1,5,16,25,EVENING,SEX ABUSE,KNIFE,7
2016,1,5,18,25,EVENING,SEX ABUSE,OTHERS,3
2016,1,5,3,26,MIDNIGHT,SEX ABUSE,OTHERS,7
2016,1,5,21,26,EVENING,SEX ABUSE,OTHERS,6
2016,1,5,2,27,MIDNIGHT,SEX ABUSE,OTHERS,1
2016,1,6,0,30,MIDNIGHT,HOMICIDE,KNIFE,6
2016,1,6,1,30,MIDNIGHT,SEX ABUSE,OTHERS,4
2016,1,6,19,30,EVENING,SEX ABUSE,OTHERS,1
2016,2,6,0,31,MIDNIGHT,HOMICIDE,KNIFE,2
2016,2,6,2,33,MIDNIGHT,SEX ABUSE,OTHERS,1
2016,2,6,14,33,DAY,SEX ABUSE,OTHERS,5
2016,2,6,15,33,EVENING,SEX ABUSE,OTHERS,1
2016,2,6,10,34,DAY,SEX ABUSE,OTHERS,4
2016,2,6,2,36,MIDNIGHT,SEX ABUSE,OTHERS,2
2016,2,6,11,36,DAY,SEX ABUSE,OTHERS,5
2016,2,7,0,39,MIDNIGHT,HOMICIDE,GUN,1
2016,2,7,2,39,MIDNIGHT,SEX ABUSE,OTHERS,4
2016,2,7,0,40,MIDNIGHT,HOMICIDE,GUN,7
2016,2,7,10,42,DAY,SEX ABUSE,OTHERS,1
2016,2,7,15,42,EVENING,SEX ABUSE,OTHERS,4
2016,2,8,7,45,MIDNIGHT,SEX ABUSE,KNIFE,1
2016,2,8,7,45,DAY,SEX ABUSE,OTHERS,4
2016,2,8,17,45,EVENING,SEX ABUSE,OTHERS,5
2016,2,8,12,47,DAY,SEX ABUSE,OTHERS,5
2016,2,8,0,48,MIDNIGHT,HOMICIDE,GUN,6
2016,2,8,0,48,MIDNIGHT,HOMICIDE,GUN,6
2016,2,8,0,49,MIDNIGHT,HOMICIDE,GUN,5
2016,2,8,0,50,MIDNIGHT,HOMICIDE,GUN,6
2016,2,9,0,52,MIDNIGHT,HOMICIDE,GUN,6
2016,2,9,3,52,MIDNIGHT,SEX ABUSE,OTHERS,1
2016,2,9,0,54,MIDNIGHT,HOMICIDE,GUN,7
2016,2,9,4,56,MIDNIGHT,SEX ABUSE,OTHERS,3
2016,2,9,18,57,EVENING,SEX ABUSE,OTHERS,6
2016,2,10,21,59,EVENING,SEX ABUSE,OTHERS,3
2016,3,10,0,60,MIDNIGHT,HOMICIDE,GUN,7
2016,3,10,0,61,MIDNIGHT,HOMICIDE,GUN,7
2016,3,10,14,61,DAY,SEX ABUSE,OTHERS,6
2016,3,10,19,62,EVENING,SEX ABUSE,OTHERS,7
2016,3,10,0,63,MIDNIGHT,HOMICIDE,GUN,7
2016,3,10,10,63,DAY,SEX ABUSE,GUN,6
2016,3,10,9,64,DAY,SEX ABUSE,OTHERS,1
2016,3,10,21,64,EVENING,SEX ABUSE,KNIFE,4
2016,3,11,0,65,MIDNIGHT,HOMICIDE,GUN,6
2016,3,11,18,66,EVENING,SEX ABUSE,OTHERS,2
2016,3,11,22,66,EVENING,SEX ABUSE,OTHERS,5
2016,3,11,2,69,MIDNIGHT,SEX ABUSE,OTHERS,4
2016,3,11,0,70,MIDNIGHT,HOMICIDE,GUN,6
2016,3,11,20,70,EVENING,SEX ABUSE,OTHERS,2
2016,3,11,4,71,MIDNIGHT,SEX ABUSE,OTHERS,3
2016,3,12,14,72,DAY,SEX ABUSE,OTHERS,7
2016,3,12,15,72,EVENING,SEX ABUSE,OTHERS,6
2016,3,12,6,73,MIDNIGHT,SEX ABUSE,OTHERS,7
2016,3,12,22,73,EVENING,SEX ABUSE,OTHERS,3
2016,3,12,6,75,MIDNIGHT,SEX ABUSE,OTHERS,4
2016,3,12,7,75,DAY,SEX ABUSE,OTHERS,5
2016,3,12,11,75,DAY,SEX ABUSE,OTHERS,1
2016,3,12,0,76,MIDNIGHT,HOMICIDE,GUN,7
2016,3,12,0,76,MIDNIGHT,HOMICIDE,GUN,6
2016,3,12,0,77,MIDNIGHT,SEX ABUSE,OTHERS,6
2016,3,12,2,78,MIDNIGHT,SEX ABUSE,OTHERS,7
2016,3,12,13,78,DAY,SEX ABUSE,OTHERS,1
2016,3,12,18,78,EVENING,SEX ABUSE,OTHERS,7
2016,3,13,3,79,MIDNIGHT,SEX ABUSE,OTHERS,7
2016,3,13,0,81,MIDNIGHT,HOMICIDE,KNIFE,6
2016,3,13,0,83,MIDNIGHT,HOMICIDE,GUN,7
2016,3,13,0,85,MIDNIGHT,HOMICIDE,GUN,6
2016,3,13,22,85,EVENING,SEX ABUSE,KNIFE,6
2016,3,14,0,87,MIDNIGHT,SEX ABUSE,OTHERS,1
2016,3,14,23,87,MIDNIGHT,SEX ABUSE,OTHERS,1
2016,3,14,1,89,MIDNIGHT,SEX ABUSE,OTHERS,4
2016,3,14,0,90,MIDNIGHT,HOMICIDE,OTHERS,4
2016,4,14,3,91,MIDNIGHT,SEX ABUSE,OTHERS,2
2016,4,14,2,92,MIDNIGHT,SEX ABUSE,OTHERS,2
2016,4,15,21,93,EVENING,SEX ABUSE,OTHERS,7
2016,4,15,23,93,MIDNIGHT,SEX ABUSE,OTHERS,3
2016,4,15,0,94,MIDNIGHT,HOMICIDE,OTHERS,4
2016,4,15,5,94,MIDNIGHT,SEX ABUSE,OTHERS,7
2016,4,15,14,94,DAY,SEX ABUSE,OTHERS,2
2016,4,15,21,94,EVENING,SEX ABUSE,OTHERS,5
2016,4,15,15,96,EVENING,SEX ABUSE,OTHERS,2
2016,4,15,19,97,EVENING,SEX ABUSE,OTHERS,6
2016,4,16,0,101,MIDNIGHT,HOMICIDE,OTHERS,6
2016,4,16,15,101,EVENING,SEX ABUSE,OTHERS,2
2016,4,16,20,101,EVENING,SEX ABUSE,OTHERS,5
2016,4,16,0,103,MIDNIGHT,SEX ABUSE,OTHERS,7
2016,4,16,14,103,DAY,SEX ABUSE,OTHERS,1
2016,4,16,0,105,MIDNIGHT,HOMICIDE,KNIFE,7
2016,4,17,0,107,MIDNIGHT,HOMICIDE,GUN,3
2016,4,17,1,107,MIDNIGHT,SEX ABUSE,OTHERS,4
2016,4,17,7,107,DAY,SEX ABUSE,OTHERS,3
2016,4,17,17,108,EVENING,SEX ABUSE,OTHERS,3
2016,4,17,0,109,MIDNIGHT,SEX ABUSE,OTHERS,1
2016,4,17,0,111,MIDNIGHT,HOMICIDE,GUN,6
2016,4,17,0,112,MIDNIGHT,HOMICIDE,KNIFE,2
2016,4,17,0,113,MIDNIGHT,HOMICIDE,KNIFE,4
2016,4,18,0,114,MIDNIGHT,HOMICIDE,GUN,6
2016,4,18,11,114,DAY,SEX ABUSE,OTHERS,3
2016,4,18,14,115,DAY,SEX ABUSE,GUN,6
2016,4,18,0,116,MIDNIGHT,HOMICIDE,OTHERS,1
2016,4,18,23,117,MIDNIGHT,SEX ABUSE,OTHERS,5
2016,4,18,0,120,MIDNIGHT,HOMICIDE,GUN,5
2016,5,19,0,123,MIDNIGHT,HOMICIDE,GUN,4
2016,5,19,0,123,MIDNIGHT,HOMICIDE,OTHERS,6
2016,5,19,15,127,EVENING,SEX ABUSE,OTHERS,7
2016,5,20,0,128,MIDNIGHT,HOMICIDE,GUN,6
2016,5,20,6,128,MIDNIGHT,SEX ABUSE,OTHERS,5
2016,5,20,12,128,DAY,SEX ABUSE,OTHERS,5
2016,5,20,0,130,MIDNIGHT,HOMICIDE,GUN,7
2016,5,20,16,130,EVENING,SEX ABUSE,OTHERS,1
2016,5,20,0,131,MIDNIGHT,HOMICIDE,OTHERS,7
2016,5,20,0,132,MIDNIGHT,HOMICIDE,GUN,6
2016,5,20,0,134,MIDNIGHT,HOMICIDE,OTHERS,6
2016,5,21,0,136,MIDNIGHT,HOMICIDE,GUN,6
2016,5,21,0,137,MIDNIGHT,HOMICIDE,GUN,6
2016,5,21,0,138,MIDNIGHT,HOMICIDE,GUN,7
2016,5,21,17,138,EVENING,SEX ABUSE,GUN,6
2016,5,21,0,139,MIDNIGHT,HOMICIDE,GUN,7
2016,5,22,0,143,MIDNIGHT,HOMICIDE,OTHERS,1
2016,5,22,5,144,MIDNIGHT,SEX ABUSE,OTHERS,5
2016,5,22,0,145,MIDNIGHT,SEX ABUSE,OTHERS,4
2016,5,22,0,146,MIDNIGHT,HOMICIDE,GUN,7
2016,5,22,1,146,MIDNIGHT,SEX ABUSE,OTHERS,7
2016,5,22,10,147,DAY,SEX ABUSE,OTHERS,6
2016,5,22,15,147,EVENING,SEX ABUSE,OTHERS,3
2016,5,23,0,149,MIDNIGHT,HOMICIDE,GUN,6
2016,5,23,0,150,MIDNIGHT,HOMICIDE,GUN,5
2016,5,23,0,150,MIDNIGHT,HOMICIDE,GUN,3
2016,5,23,0,151,MIDNIGHT,SEX ABUSE,OTHERS,7